PC1,PC2,PC3,PC4,PC5,PC6,PC7,PC8,PC9,PC10,PC11,PC12,PC13,PC14,PC15,PC16,PC17,PC18,PC19,PC20,PC21,PC22,PC23,PC24,PC25,PC26,PC27,PC28,PC29,PC30,PC31,PC32,PC33,PC34,PC35,PC36,PC37,PC38,PC39,PC40,SMILES
13.090704741513361,-7.705565764841757,-8.587286004297379,-5.439213923408529,0.2313438338902832,-1.3492367330258936,6.540035867972638,-2.6271467684663197,2.3187929695440843,3.0151275766390633,-0.42109486591047796,4.199842148101873,2.6768817620263667,-2.1027724752765113,-2.364686902757636,3.1545618652058467,1.2068525944923416,-2.291907802762775,3.897946642778825,-3.6943390113334735,-2.2812326577328546,-1.4883993743605968,-2.134430677266107,0.5081736625746046,-0.510317795324367,2.407718985147634,-1.697469558323221,0.35464142618162975,-2.059881631527672,-0.9859359380976661,0.9523332134711984,-0.19763878570243065,-0.6909292024988145,-0.28922629333559696,0.966208493688149,0.7005075329690817,0.7645931787495769,0.10148934854489992,-0.13650978941061634,-0.23418971610099978,CCCCOC(=O)C(C)OC(=O)CCC
-5.164454043961339,-3.385898550245025,-4.463914824180781,4.506991816246035,0.3424154288559856,-0.26883751367703307,-2.295093299381213,1.5519102498887052,-2.1349070993940535,2.500458334105924,0.1767061118338595,0.796687656345184,0.5526052648154467,1.7638933737063682,1.2173161291623178,-0.26047229524908977,-0.2590439558585525,-0.6094874807664316,0.4256390979060705,0.43779594947143413,-0.08049610118286445,0.5458457273170554,0.9098370371387937,-0.6269918123777287,1.6391156660930575,0.24196398966592786,-0.3839426028705055,-1.3809278636139781,0.6067666938774173,-1.3619518602740228,-0.3668706840158707,-0.08376386627916707,-0.11687671064701347,-1.9905183168437466,1.2472455397413462,0.2052777729412661,-0.9250911246958176,-0.28739339141629855,0.27351758025323497,0.07511492482501694,CC(C)CC(=O)O
3.571243098716202,-7.412587109998163,0.8636228933244172,-0.7750924469934989,-1.0328557603348687,4.118922157721363,-2.258835380835042,2.0706141716354574,0.9193982015818347,0.5352366473737857,-0.8986840368420541,0.7164228170747411,-1.7926810620905156,0.5288636452533363,-0.7375835183172817,-0.08294062387249172,-0.0036140754021010894,0.0942901421761717,-0.0733760823231419,0.3281411873988906,0.0016206213922882132,-0.49686301942406386,-0.061260985053587694,-0.10812914726105124,-0.3067464416147263,-0.2340615055605818,0.17367021581757056,-0.08608066675219415,0.06926338900059549,0.27763100776882826,-0.3760138826046093,0.18536336763752548,0.09469212655972394,-0.11007210113699455,-0.18873037711988408,-0.17897866508462956,0.22261372471856136,-0.2010103905266116,-0.07575354491135358,-0.1582671157024333,CCCCCCCCC(=O)O
3.7682822016293787,-7.502551880137432,0.8935721465774111,-1.059026383323289,-0.9442884776381097,4.156447631842568,-2.18742562866317,2.0849043890663705,0.9890189904111502,0.4489987406103826,-0.980302075013391,0.6370577482659118,-1.8227033401356751,0.4070026535132866,-0.7573607967244057,-0.17885660371974965,-0.025987750182180764,0.23750247801023697,0.05523600287970961,0.2948637224381226,-0.06038056951237413,-0.21573690765846573,-0.1571222621097153,0.03250779312918552,-0.1793955997467181,-0.34955302101477753,0.08477253752793108,-0.05959947208862202,0.09218676391520457,-0.08902141826911555,0.015211102100445255,-0.09382036284069661,0.29811600468888433,0.03871810467580154,-0.14119181630849378,-0.19341222448561646,0.27275055245752683,0.14468935325474452,0.03540630215940068,-0.10189523463265483,CCCCCCCCC(=O)O
3.5712430987162014,-7.4125871099981735,0.8636228933244069,-0.7750924469935035,-1.032855760334865,4.118922157721365,-2.2588353808350536,2.070614171635457,0.9193982015818309,0.5352366473737812,-0.8986840368420546,0.7164228170747385,-1.7926810620905138,0.5288636452533331,-0.7375835183172789,-0.08294062387249422,-0.003614075402103585,0.0942901421761721,-0.07337608232313991,0.32814118739889203,0.0016206213922902387,-0.49686301942406363,-0.06126098505358517,-0.1081291472610505,-0.30674644161472636,-0.23406150556058206,0.17367021581757183,-0.08608066675219342,0.06926338900059922,0.2776310077688295,-0.376013882604609,0.18536336763752773,0.09469212655972294,-0.11007210113699503,-0.1887303771198853,-0.17897866508462865,0.22261372471856214,-0.20101039052661257,-0.07575354491135419,-0.15826711570243193,CCCCCCCCC(=O)O
3.768282201629378,-7.502551880137421,0.8935721465773921,-1.0590263833232743,-0.9442884776381089,4.156447631842568,-2.187425628663167,2.0849043890663723,0.9890189904111552,0.44899874061038664,-0.9803020750133903,0.6370577482659123,-1.822703340135678,0.407002653513285,-0.7573607967244036,-0.178856603719751,-0.02598775018217784,0.23750247801023666,0.05523600287971139,0.29486372243812237,-0.06038056951237498,-0.21573690765846193,-0.15712226210971592,0.032507793129186016,-0.1793955997467177,-0.3495530210147761,0.08477253752793178,-0.05959947208862342,0.09218676391520367,-0.0890214182691153,0.015211102100443607,-0.09382036284069703,0.29811600468888394,0.038718104675800176,-0.14119181630849398,-0.19341222448561377,0.27275055245752855,0.14468935325474558,0.03540630215940114,-0.10189523463265464,CCCCCCCCC(=O)O
3.571243098716202,-7.412587109998164,0.8636228933244199,-0.7750924469934972,-1.0328557603348656,4.118922157721366,-2.258835380835042,2.070614171635461,0.919398201581836,0.5352366473737818,-0.898684036842056,0.7164228170747382,-1.7926810620905156,0.5288636452533363,-0.7375835183172815,-0.0829406238724949,-0.00361407540210033,0.09429014217617472,-0.0733760823231436,0.3281411873988944,0.0016206213922893948,-0.4968630194240626,-0.061260985053585765,-0.1081291472610517,-0.30674644161472636,-0.23406150556058153,0.17367021581757078,-0.08608066675219317,0.06926338900059519,0.2776310077688298,-0.3760138826046099,0.18536336763752698,0.09469212655972187,-0.11007210113699524,-0.1887303771198836,-0.17897866508462765,0.22261372471856503,-0.20101039052661207,-0.07575354491135491,-0.1582671157024337,CCCCCCCCC(=O)O
3.768282201629378,-7.502551880137434,0.8935721465774109,-1.0590263833232838,-0.9442884776381097,4.156447631842569,-2.1874256286631666,2.084904389066375,0.9890189904111488,0.44899874061038664,-0.9803020750133898,0.6370577482659147,-1.8227033401356758,0.40700265351328463,-0.7573607967244039,-0.1788566037197492,-0.025987750182175775,0.23750247801023616,0.055236002879709215,0.2948637224381222,-0.060380569512375734,-0.2157369076584652,-0.15712226210971486,0.032507793129185766,-0.17939559974671718,-0.3495530210147766,0.0847725375279348,-0.05959947208862428,0.09218676391520508,-0.0890214182691159,0.015211102100443059,-0.09382036284069518,0.29811600468888544,0.03871810467580044,-0.1411918163084946,-0.19341222448561393,0.2727505524575277,0.14468935325474583,0.03540630215940017,-0.10189523463265414,CCCCCCCCC(=O)O
3.571243098716202,-7.412587109998164,0.8636228933244157,-0.7750924469934993,-1.0328557603348714,4.118922157721367,-2.258835380835048,2.0706141716354556,0.9193982015818337,0.5352366473737838,-0.8986840368420576,0.7164228170747416,-1.7926810620905171,0.528863645253339,-0.7375835183172805,-0.0829406238724936,-0.0036140754021032596,0.0942901421761715,-0.07337608232314506,0.3281411873988935,0.001620621392289226,-0.4968630194240634,-0.0612609850535868,-0.10812914726105255,-0.3067464416147266,-0.23406150556058294,0.17367021581757172,-0.08608066675219096,0.06926338900059639,0.2776310077688296,-0.3760138826046085,0.185363367637527,0.09469212655972116,-0.11007210113699455,-0.1887303771198855,-0.17897866508462906,0.22261372471856497,-0.20101039052661313,-0.0757535449113547,-0.15826711570243274,CCCCCCCCC(=O)O
3.7682822016293778,-7.502551880137432,0.8935721465774109,-1.0590263833232845,-0.9442884776381127,4.156447631842566,-2.1874256286631697,2.084904389066372,0.9890189904111573,0.4489987406103879,-0.9803020750133926,0.6370577482659129,-1.8227033401356776,0.40700265351328235,-0.7573607967244054,-0.1788566037197483,-0.02598775018217697,0.23750247801023858,0.055236002879711914,0.29486372243812514,-0.06038056951237616,-0.21573690765846357,-0.15712226210971592,0.032507793129186696,-0.179395599746716,-0.3495530210147753,0.0847725375279324,-0.05959947208862404,0.09218676391520568,-0.08902141826911461,0.0152111021004437,-0.0938203628406954,0.29811600468888516,0.0387181046758011,-0.14119181630849512,-0.193412224485614,0.27275055245752666,0.1446893532547447,0.03540630215940134,-0.1018952346326556,CCCCCCCCC(=O)O
-2.6367833109825987,-3.8829927214805613,-3.6775464350868874,3.596718448524224,-0.10853008166341205,0.23550617796536813,-2.5253000106622623,1.6292647249381234,-2.2877358965070065,2.6402402314007243,-0.8662703773613653,0.012350161808315255,-0.22389839538122397,1.4747380948808064,1.5069996346212715,-0.030188367215298845,-0.45675351615173776,-0.3872556293772985,0.3417446909337408,0.5894134464681721,-0.9078363872169645,-0.44376472844968656,-1.903638546462671,-1.3603909165181003,0.4793139049019076,0.8802272193406098,-1.0472992125146843,-0.07822738297175884,0.2159139106075305,-0.8356337831833553,0.317324767032473,-0.4337401941660299,0.6582042788918556,0.7580903418115666,0.1251895142322266,0.42565050450765707,-0.8560837912417167,0.5114575773296108,-0.2995983083076386,0.586805168820327,CCC(C)CC(=O)O
-2.7017063914175425,-4.006784282059459,-3.2945813993034894,3.58413814056984,-0.2171316131312209,0.49203157234501105,-2.3226262393222084,1.7050197633518998,-2.0970759408066986,2.3758231248154864,-0.9431781674888359,-0.013372125569345299,0.2206730858568572,1.519300035255576,1.2639057616848384,-0.00553675508259622,-0.3140606389088813,-0.3522708724022266,0.4232569126491511,0.5212064861387171,-1.1007176611195197,-0.1391919224083236,-1.8594778026496561,-1.2595592579351207,0.8359630910446031,0.9620564775565502,-1.2099100952882065,-0.07421443806163922,0.23685808142069698,-0.6028439186874112,0.2642131079019255,-0.30134813211998335,0.7142952163982909,0.019060318804578442,0.2653701579359709,-0.9882249309563707,-0.7963502462140524,-0.13296517835861918,-0.20381041828302024,0.4748935760139698,CC(C)CCC(=O)O
-8.064656110982298,-3.615448697500148,-4.915190555687699,4.496907332701914,0.16067903670648737,-0.5380573864067155,-1.7023193789797764,2.1123949960482804,-1.6210952783070434,1.7223925988023312,-0.7781253289272927,-0.06211288253764811,-0.7587990599067604,1.6511273093996233,1.3235685724232955,0.36314465530796697,-0.5071434547791474,0.027577157651311517,0.5109972623842275,0.3171174811829432,-0.45615203181775926,0.6992206448761913,-0.9897670910852049,-0.3471130146639369,0.1431796177514387,0.148278901771461,-0.056105015715206215,-0.15175623774408384,-0.3490557971309884,0.849462679032211,-0.5409436339754087,-0.06070793478777848,-0.6595782567707366,0.5928695275575474,-0.4250140945840864,0.09375215309260933,0.21026967267285704,-0.1092275641902949,0.336923419236381,0.01686276658066293,CCCC(=O)O
-5.409381649672735,-2.6834117545782026,-5.2555112340961205,4.786310860254381,-0.2985286519366832,-0.25337262123373755,-2.1905099064172715,0.731750101790983,-2.8695328449865043,3.4898494757414174,0.289729460316298,0.8179408739814124,-0.8793711971815381,1.5398857860652755,1.0171436437322852,0.34961696456453356,-0.5217188437271777,-1.449992118702406,-0.18814656579811986,-0.480191837200684,-0.16518170616933198,-0.43101456243091085,1.8273783683119134,-0.5427359229424595,0.2140273221720808,-0.07403449565458221,-0.005395586017799772,-0.03003180717733705,1.2616078997337685,-0.8179831056306953,-0.37627977030608956,-0.7702784821658605,-0.22003972344669043,0.7662604450912003,-0.050190162517616946,1.9884796502413675,-0.14092750907533827,0.6721781745802774,-0.11143249549050302,0.17875068173660497,CCC(C)C(=O)O
-3.088096665896494,-1.2758300783048555,-3.8627753459312943,8.864747730121834,-1.4625448778338204,-0.9335119970403658,-1.3277294443530483,3.029571573767321,-1.1253821734404765,1.1275519511162984,0.06430182182414738,-1.329292177620309,-0.12190213915318686,2.8299781042787355,1.8334889320208339,0.7304856477324247,-1.217584516887695,-0.95649363050757,0.08328071919067864,-0.19483665042088077,-1.095052025253236,0.48810171853085177,4.607467718430251,0.9911825083002619,0.04282284998121415,0.26330876608033665,0.8135177782928482,2.4417787089985676,-1.0424799383487995,2.4065123367741124,2.0235382090466394,1.4079353867477056,-1.409083635561663,-0.4804937813841964,0.9506482921396484,-0.2784784559009054,0.46271696422785796,0.45990934085542007,-0.36464634106872634,0.2538707523299017,C1CC(C1)C(=O)O
-6.212966245691275,7.406053253425507,-0.48469387036029105,-2.3928558879985027,5.1406525126817,-1.7495325185828583,-3.65231085213467,3.818810913280035,1.548544006101974,-2.7170722404729974,0.0855799048246499,-0.4180865993682233,0.7018469883753751,0.060643978973793235,-1.037367955845548,0.5970858814160345,-2.0049206530717423,-0.38531796575075516,-0.15376213554374168,-0.15656511155598912,-0.11367832255390836,0.22481045225012297,0.48656961017903677,-0.9645471246723837,-0.532064763021106,-0.520635881992199,-1.4573792051689567,0.5156318691796726,0.7914903878858759,-0.16452489020412522,1.134979896486582,-1.6070600718651615,-0.39469176134881556,2.409943641453788,0.1875157339441004,0.9539811178623303,-0.8442678001802036,-0.23213907010856216,-0.3124398183164024,-0.4912356613654462,C1=CC=C(C=C1)C=O
-9.787586026608457,-0.34275061000971624,-3.5251390934222377,8.247352537317179,-7.031279742405257,5.187864050438161,-1.5544529584084783,-1.9597437921571847,0.4737194999340305,1.5120837396906732,2.02963945162501,2.042552080845745,6.305005201204425,-3.716002245090525,-4.378192030161796,1.83633435127326,-0.3131731959399866,-0.8003536336591457,-3.3255701162042017,-4.293740490157367,0.4242910495356366,-1.189775738053229,1.4498692225772856,1.838777991545665,0.19138185647263944,1.2767523021096312,-1.11071760046036,0.00908453778790502,0.6723942278641726,2.3994851572141003,-1.1097147512036123,-1.7387219916080094,0.2669152243360664,-0.0472391233710561,-0.5804619431187724,-0.6343351355621772,-0.6539224199541754,-0.27408133686298525,0.3926678625411594,-0.053779883157288905,CC(C(C)O)O
0.5442946268605917,10.236518429648658,-7.013440980527078,-5.663654815190754,2.957989467873971,-1.0642732163357096,-3.770152876040894,6.993052833744725,6.447799479557735,3.1431677546864583,1.544906065327002,-3.8618872387265135,-0.47612160096056805,-3.208116179567353,4.6185184129188634,1.1042487333051807,10.5242628962878,1.3591924080416722,-1.137150828081261,-0.6751519273480239,-2.665740660237807,-0.8294301639947681,0.17400375501252935,0.3990902056495932,0.9351184642791905,0.4726368141154337,0.5085224330686865,-0.1670764638213435,0.897238028562725,0.6813516821368664,-0.21328664742843212,-0.1306509653207169,0.169016407961855,-0.10088119070344596,0.062085666709184806,0.06718516968286273,0.12197729092941333,0.03995264801066473,0.01476069218084148,0.002696172345091341,C1=CC=C2C(=C1)C=CC(=O)O2
1.5201603463203766,-6.878836506828254,-0.09983581537009552,-0.24458880699766736,-0.5605092763817356,3.096643385876754,-2.0122977506955175,2.183891572977835,0.3249926162722209,0.5512134150131144,-1.0742626857959099,-0.01735235885425323,-1.4756693119089455,0.43307683136200675,-0.23494976795416855,-0.29348487843560933,-0.20982033163291536,0.6965663970067026,0.5102350088908117,0.24262025674883259,-0.6463169581282263,0.5126616951185421,-0.4109132997094806,0.22628267782903652,0.21402546084217206,-0.4827537714425672,-0.2029546906673687,0.08203706899421259,-0.4140532508088795,-0.11935300719473212,0.5910141279418497,-0.3686434203243732,0.35594692413736273,0.26879996936326644,0.06044510388097944,-0.24802946588321093,0.0945283964255546,0.113787678198929,0.13961346571754987,0.21255208535121145,CCCCCCCC(=O)O
-1.3330481599802342,-2.122395258202631,6.1835798565955225,-1.7938184928895236,1.8151448006413118,-0.8920258615506563,0.11986274205268775,0.43706940439926695,0.847422848166125,-4.057174817425487,-0.40865451930915947,-1.1220485564964522,-2.148719480964076,-1.6110734883632754,-1.4684692027601614,1.8651368798657033,-0.027511218159660508,-1.5056225277995432,-0.7476604156742575,0.0763959391887613,0.5585714184428725,-2.6952786352983185,0.8780650688964358,-0.43838700387428475,-0.7457880499534574,0.16387320160515859,0.5315660166503876,-0.29315493050008773,0.2213129220302611,-0.11923805712648108,-0.5994064630924146,0.23651474525955188,-0.1933824801911736,0.02808541552123821,0.5942875962753428,0.15518327519663713,-0.30622599939768574,0.07170503598685656,0.3440564860822346,0.09243626565564803,CCCCCCCC=O
6.292764644680986,11.236479374931601,-0.8639371405603724,-7.383164389909038,6.003136443180511,1.2563253688159146,-9.469981884739209,6.046583694109201,5.1764546601619195,-1.638798371031942,1.1859671925663027,3.0496666929241143,5.532346781178656,4.352129204858288,-1.9623454750955152,-0.633429812060533,-3.3310073306823433,1.829083749602613,-0.850898133884236,-1.1448781813482485,1.13068627495087,-1.0322297222833086,-0.531316568761872,-0.41601002425014616,-0.2003504419907807,1.2218424494688824,1.5002677019837656,0.5254528767509843,-0.07825711176501472,-1.2602295540946444,1.6256812750750862,-0.3153870332510823,-1.0793384488597002,-0.9691923264567853,-1.0650938209555318,-0.40990895918860193,-0.23342029849928403,-0.3530390304517616,0.04869923123347831,-0.06928883939142293,C1=CC=C(C=C1)C(=O)C2=CC=CC=C2
4.268426380338677,12.026559206165079,-5.015859255069338,-10.050140429384479,-12.629268929079464,0.8679494377990428,0.511465853112419,-5.526338351400009,-2.6695163690225385,-0.8122182632903704,-5.298154534132852,1.1481942310024424,0.10479853163201268,6.65135641372814,-2.1022308394256637,8.567615176682247,1.236533043795697,1.260789665105374,-1.89517621851549,3.245657707634486,-1.5261887165865635,0.4034889162079271,1.3813790513584543,-0.19137469591030093,0.8309160103437784,-0.5716792447971325,-0.3027976542295108,-1.2938389583439647,-0.48517932816217324,0.11887776646586064,0.1541838508139695,0.07786076741815941,0.1834237131270908,0.14829370161226285,-0.32601676794523965,0.03976436589244159,-0.11307786507995335,-0.02410312897666135,-0.00021746626153737385,0.038717440455654756,COC1=C(C=C(C=C1)CC=C)OC
-1.9070030728817442,9.492631788496507,9.94958444541996,-3.1777180156712403,1.5149751726218865,2.4894613720213883,-6.370700826830943,-2.6525512805355542,-0.36341010190911816,2.0536490539500494,2.2968019039344907,-0.3601068991256107,3.387261453436417,-0.021760780205304288,0.20745858944115375,-1.8855015181262955,-0.7402030713114053,-1.640854134932719,3.407962877532736,4.184266303749047,-2.9545171143537052,-2.0623199415502462,-1.239185052311253,3.763221963975602,-1.182826824298654,-2.875960350296633,-2.268362113056424,0.7898747888509536,-0.46229268005432816,0.5286019729671964,-0.9297893781640308,-0.15412262001902405,-1.1674785679769915,-0.10122046610466554,0.33481548425114865,-0.13804286768655824,-0.16534650395063966,0.5702872104842258,-0.0659018833420531,0.1771723492014722,CC1=CC=C(C=C1)C(C)C
10.259547414563219,-3.9051765177058444,2.12900135584168,-1.2283287538479675,-1.1620276978973443,-3.2157862924545504,3.7896075008717176,-1.3999016942007565,6.465373818425661,-1.0778555897039013,5.845282214961169,-3.6472503915211787,-4.546552207251047,3.0517498901950333,-0.22834689934258942,-0.9507972994858732,-2.5803996388006,1.560007619693904,-0.9990230732834903,1.4527381049358656,0.8184335819535081,0.9804465452763781,0.17156619179816784,4.918798180915255,3.484234965038044,3.485672558241358,-1.591102993377891,-0.5092338239195345,0.6155009330481371,-0.23341443965474204,-0.37082639040057486,0.47496878872176823,-0.2825164298751947,0.5144520445876458,-0.2690768083223432,0.24952158238977465,-0.38509288945094955,-0.04903483190372452,-0.057808039022348226,-0.0463077471271089,CCCCCCCC1CCC(=O)O1
6.74854745939788,-5.69646893478936,1.025176311942065,-4.607196060585468,0.30634603283725625,-0.8668131146054597,2.437272546246065,-2.097417151978473,1.081366920766105,-0.1795331273797876,-0.971092034525331,0.09975844612975433,1.6601655715621404,-0.15600153938685385,-0.055212475639375015,-0.8608998913204856,0.45714880376141737,-0.16451442534074928,-0.8698155699522562,-0.11067168815253768,-0.049599627251430654,0.07996527494948996,-0.22714057360422107,-0.39520520865216074,-0.05400832415949892,0.46358974926144947,0.18390943605754886,1.0840714240834368,0.7608191165453421,-0.6110850672696102,0.06245716572618413,-0.14426761111980765,-0.2203110545914092,0.3386012695398439,-0.6453198154533827,-0.4044525618137961,0.2718247846762505,0.8998396978076146,-0.006890469944062403,0.915084970470356,CCCCCCCC(=O)OCC
-9.869131521064944,6.2097111435616865,6.276016038906156,7.514232302525831,-6.9307723323786306,1.6974328642477887,2.1837020084543015,-6.499673915505108,10.364179765255484,-1.6857900726764425,5.958645093084807,-0.8032344539008077,-3.397269738456974,8.296229631094619,0.7409499207077646,-1.5235786362758401,1.3449032203742124,-3.5461558758098297,0.30776873525251003,-3.6856419702342214,-1.2531026718436067,0.1863134206680594,-1.5012277116060535,-2.475986127206997,-0.3780055519394565,-1.8297432223518495,0.4094018870278673,0.19077730222255745,-0.39125512202885837,-0.2266446878084164,-0.056074852929693476,-0.3796248635873876,0.07779198160605307,-0.21953022796532456,0.01887802046634898,-0.04841124299776828,0.08004233018807372,-0.01949476965915913,0.009622806136999722,-0.06931663358384348,C1CCNCC1
-0.772122687740311,-6.050077676970047,-1.2080570278598828,1.3517779060516408,-0.47323493641569375,1.9648732914579226,-2.016374826812853,2.237670576739629,-0.5377982045043215,1.0808611291996575,-1.2740252065473883,-0.3460248192966827,-1.3727859476070692,0.8457433356863983,0.1035067171871539,0.5122797483754441,-0.5527899345424186,0.6294613145255276,0.415989562820896,-0.04880971898236972,-1.171215645399287,0.17913302698925007,-0.4211938715129305,-0.12823449887734892,-0.07488950633219034,-0.11802717374312036,-0.14791280908164678,0.6839849151594158,-0.44682670354210674,0.5013332496402713,-0.6118288733676461,0.7363722732410937,-0.47306755107418813,0.005796177022602094,0.0814992705910777,-0.06388216139449643,-0.2633819252917641,-0.6416989101560288,0.1044032129349389,-0.2696661393783614,CCCCCCC(=O)O
-6.743964645333743,1.0350578878611338,6.9365478356246095,1.065125633886326,-4.938190157944925,2.3308922107652856,-2.7949676725339727,-3.360536223877503,0.052885421161745653,-0.7772669794208172,-0.45475250633518044,-3.1347160995411936,1.3916403349024753,-0.00652437407703381,0.36123912649431583,0.6655518613495878,3.2312395661773405,4.096522661331364,8.522503161317422,-0.23052193151243588,5.421645242168387,-0.8296383686552284,2.1707364463625676,-1.989496208672562,0.25760874744277656,1.4074179329318364,-1.7742968434374158,1.0049987994324263,0.17110023111236913,-0.14332780822356117,0.01385991851492672,0.19538484941756362,-0.05411824509274215,-0.10162119893025591,-0.6073690363755044,0.13056022353648777,-0.002062467172129368,-0.13710059592619747,-0.004268710328228807,0.0010774306153516463,CCCCCCN
-6.065518377216953,-1.8347411337833668,4.383076047862022,1.5674392090210232,-3.474842559413383,1.5397036272764104,-1.4102432024380938,-0.8422276754202301,0.21934741082262738,-2.192891909017219,-0.1870391841550948,-2.605029209352834,3.0506413837577844,-2.0270775068216733,-0.528156626508419,-1.2393607023318614,0.14218377258538797,2.603901566334221,-1.3405922094706826,-0.05031383133081398,-0.2961828887128326,1.021674552428419,-1.550005430023351,-0.1618792025364871,0.4917498334519684,-0.01163147672713175,0.7869927701576959,-0.9973151131130169,-1.5127410612901455,-0.044192248616728366,0.6111770595209245,0.06053942562387812,0.37654684160909424,0.16363525038140395,0.414670000028511,0.6203576924981761,-0.037395386300659354,0.16752135057160195,-0.707942471357136,0.195022657292691,CCCCCCO
-2.1488603060826956,1.0623842001675046,16.015897715144064,-4.886001164172972,-2.541216925518296,6.518517066554247,6.201450420017573,4.3778799884239445,-3.032864775767684,-1.4580855607748486,7.0151660667560165,7.448638882478359,1.1557740339026659,-1.9134848089840948,10.558209100760296,4.530998521670334,-1.8798365136827577,0.5803016242187048,-0.5726800031593401,-0.740969544353842,0.5280388719681193,1.1881611831364816,-0.03667339752132382,-0.1605348238503776,0.017407042144771834,0.22573763817774264,-0.14992439189387982,-0.08569058669348531,-0.029462482240668355,0.034713420882912724,-0.062532119959167,-0.022126943504064484,-0.024817906398824214,0.08691407257776772,-0.017727157853862915,-0.010392862516546761,0.026283408504179564,-0.000468758838245207,-0.028156083503442085,-0.0031129671744795267,CCCCCCCCS
1.6854819321098342,3.2398692240736793,-5.193241914996721,-4.564069196109643,2.93983317162315,-3.3963849625225624,-2.2167507980487002,2.5085458499873203,2.395602798671451,0.7880145055383933,0.8159315074446625,-1.3651550321290309,3.1071573565578063,2.2063312437165203,1.108727701378135,0.3103157937469533,-2.5349626020492217,-0.8277556955329122,0.7345020822315775,0.33965231410249325,2.144328852096003,0.06730267891111971,-0.6099412694110408,-0.22993308252734743,-0.5522858031422739,0.057545562063334,-0.30236801939305313,-0.7751530808530822,-0.33580736681606604,1.2163198156879214,-1.1996790507464192,0.9337003156140437,1.2779218317165109,1.0503507413829278,1.730405485098787,-0.41278749129248105,0.8554232784326082,-0.9617170605622007,-0.15608226070340142,0.0071072973807460955,CC(=O)OCC1=CC=CC=C1
1.9843635315112687,-5.060207232142004,-0.3717038233780329,-3.335140058266556,0.6233278493370285,-1.8723908131074363,2.8769217827781803,-2.0094297195939435,0.5014204533536105,-0.41018009297121605,-0.596587238138956,-0.5820359979170789,1.596684340697131,0.03347965589352072,0.8850206410091375,-1.4118546506506195,0.5447168918818033,0.2580754864684592,-0.2783488768284436,0.39590298761187115,0.3065282989108821,0.7572321853041974,0.6416653227924382,0.21542693522961714,-0.12245947348663164,-0.68023906854804,0.28775299229671086,0.033066247916168724,-0.06457554698579303,-0.04936610268226647,0.7416424968998643,-0.7605216068789169,0.1094180392098963,-0.12968658206392814,0.06868794334726941,-0.23764548906073266,-0.28804180945889135,0.23184012807555027,0.058371347921324195,-0.15420353053314556,CCCCCCOC(=O)C
1.836959972010317,-4.8584194579452955,-0.4868211509706807,-3.0176111155400687,0.4966151104300176,-1.8656896909363143,2.776591985658575,-2.0858205942171804,0.4659854484616276,-0.237417396530871,-0.4868052907491945,-0.3474105585242067,1.4743993630592802,0.16800554192704695,0.9011123441759453,-1.2971695908312393,0.5804873079991328,0.0013661506975040723,-0.5348387241457396,0.47370435977629344,0.5126266036873071,0.2495515048440726,0.7508304674481572,-0.036131980689466325,-0.40723079298707504,-0.5628158218819715,0.44350723784075075,-0.010450741469699385,0.1033280676665673,0.27117014040710374,0.21164617837895455,-0.32747330764760635,-0.12798294395965878,-0.05018177914566355,0.010321525025053698,-0.01745689372254025,-0.3023074586306512,-0.06936083674747051,-0.001582431103256734,-0.271030143283316,CCCCCCOC(=O)C
1.9843635315112684,-5.060207232142005,-0.371703823378034,-3.3351400582665556,0.6233278493370283,-1.8723908131074358,2.876921782778182,-2.0094297195939435,0.5014204533536103,-0.41018009297121505,-0.5965872381389559,-0.5820359979170786,1.596684340697131,0.03347965589352121,0.8850206410091374,-1.4118546506506204,0.5447168918818037,0.25807548646845896,-0.2783488768284446,0.3959029876118711,0.30652829891088207,0.7572321853041974,0.6416653227924388,0.2154269352296191,-0.12245947348663214,-0.6802390685480406,0.28775299229671114,0.03306624791616977,-0.06457554698579232,-0.04936610268226731,0.7416424968998647,-0.7605216068789169,0.10941803920989548,-0.12968658206392783,0.06868794334726981,-0.237645489060733,-0.28804180945889174,0.23184012807555035,0.058371347921324285,-0.15420353053314606,CCCCCCOC(=O)C
1.836959972010317,-4.8584194579452955,-0.4868211509706807,-3.0176111155400687,0.4966151104300177,-1.8656896909363145,2.776591985658575,-2.0858205942171804,0.46598544846162737,-0.23741739653087085,-0.48680529074919454,-0.34741055852420666,1.4743993630592802,0.16800554192704703,0.9011123441759449,-1.297169590831239,0.5804873079991328,0.0013661506975039064,-0.5348387241457397,0.4737043597762934,0.5126266036873067,0.2495515048440717,0.7508304674481571,-0.036131980689466825,-0.40723079298707626,-0.5628158218819719,0.4435072378407507,-0.010450741469696736,0.10332806766656763,0.27117014040710335,0.21164617837895458,-0.32747330764760635,-0.12798294395965804,-0.05018177914566333,0.01032152502505437,-0.017456893722539443,-0.3023074586306517,-0.06936083674747105,-0.0015824311032561476,-0.2710301432833149,CCCCCCOC(=O)C
1.9843635315112684,-5.060207232142005,-0.371703823378034,-3.3351400582665556,0.6233278493370283,-1.8723908131074358,2.876921782778182,-2.0094297195939435,0.5014204533536103,-0.41018009297121505,-0.5965872381389559,-0.5820359979170786,1.596684340697131,0.03347965589352121,0.8850206410091374,-1.4118546506506204,0.5447168918818037,0.25807548646845896,-0.2783488768284446,0.3959029876118711,0.3065282989108819,0.7572321853041974,0.6416653227924388,0.2154269352296178,-0.12245947348663214,-0.6802390685480404,0.28775299229671103,0.03306624791617065,-0.06457554698579242,-0.04936610268226611,0.7416424968998645,-0.7605216068789169,0.10941803920989698,-0.1296865820639279,0.068687943347269,-0.23764548906073235,-0.28804180945889174,0.23184012807555077,0.05837134792132481,-0.15420353053314606,CCCCCCOC(=O)C
1.836959972010317,-4.8584194579452955,-0.4868211509706807,-3.0176111155400687,0.4966151104300177,-1.8656896909363145,2.776591985658575,-2.0858205942171804,0.46598544846162737,-0.23741739653087085,-0.48680529074919454,-0.34741055852420666,1.4743993630592802,0.16800554192704703,0.9011123441759449,-1.297169590831239,0.5804873079991328,0.0013661506975039055,-0.5348387241457397,0.4737043597762934,0.5126266036873067,0.2495515048440717,0.7508304674481571,-0.036131980689466145,-0.40723079298707493,-0.5628158218819711,0.4435072378407506,-0.010450741469699827,0.10332806766656742,0.27117014040710274,0.2116461783789544,-0.3274733076476065,-0.12798294395965756,-0.0501817791456637,0.010321525025053296,-0.017456893722538988,-0.30230745863065184,-0.0693608367474709,-0.0015824311032562911,-0.2710301432833152,CCCCCCOC(=O)C
1.9843635315112684,-5.060207232142005,-0.371703823378034,-3.3351400582665556,0.6233278493370283,-1.8723908131074358,2.876921782778182,-2.0094297195939435,0.5014204533536103,-0.41018009297121505,-0.5965872381389559,-0.5820359979170786,1.596684340697131,0.03347965589352121,0.8850206410091374,-1.4118546506506204,0.5447168918818037,0.25807548646845896,-0.2783488768284446,0.3959029876118711,0.3065282989108819,0.7572321853041974,0.6416653227924388,0.2154269352296179,-0.122459473486632,-0.6802390685480406,0.2877529922967111,0.033066247916170216,-0.06457554698579211,-0.04936610268226731,0.7416424968998642,-0.7605216068789172,0.1094180392098967,-0.12968658206392747,0.06868794334726867,-0.23764548906073207,-0.28804180945889146,0.23184012807555057,0.0583713479213246,-0.15420353053314595,CCCCCCOC(=O)C
1.836959972010317,-4.8584194579452955,-0.4868211509706807,-3.0176111155400687,0.4966151104300177,-1.8656896909363145,2.776591985658575,-2.0858205942171804,0.46598544846162737,-0.23741739653087085,-0.48680529074919454,-0.34741055852420666,1.4743993630592802,0.16800554192704703,0.9011123441759449,-1.297169590831239,0.5804873079991328,0.0013661506975039055,-0.5348387241457397,0.4737043597762934,0.5126266036873067,0.2495515048440717,0.7508304674481571,-0.0361319806894662,-0.4072307929870747,-0.5628158218819714,0.44350723784075063,-0.010450741469698944,0.10332806766656692,0.27117014040710197,0.21164617837895433,-0.32747330764760646,-0.12798294395965837,-0.05018177914566275,0.010321525025053834,-0.01745689372253983,-0.3023074586306517,-0.06936083674747162,-0.0015824311032571526,-0.2710301432833148,CCCCCCOC(=O)C
1.657290306086497,-3.668988077172156,-1.4809525896995452,-1.7242366111951992,0.3453754758248055,-2.4993450535170996,2.3422344483600113,-2.2886556718949302,0.21003232494545088,0.8283580439832813,-0.6826542239748383,0.5049697073074433,1.6446009846992695,0.6552778582854466,0.7100932228158393,-0.34216899762020925,0.246370697588757,-1.0376014789186085,-1.5024305448654407,0.32332545631822074,0.38120087355428545,-1.1363309666538244,-0.20394510905748858,-1.1953032736227551,-1.2140546295810848,0.8126445145126107,0.6127982800935989,1.1831199003988906,1.1975809135365727,0.4723639411212873,-1.7547699534385486,1.2358222362157827,-1.1040414273388812,0.972556645545663,-1.0786562066277674,0.9616737288843755,0.39234698606623336,0.3002142549249666,-0.21461001896977816,-0.23394381552388513,CCCCCOC(=O)CC
5.751276828984734,3.4247131162612368,-4.88654470083096,-6.889940556318291,2.322764390546793,-3.465040635559455,-1.5598483238323508,1.4678846464546045,1.6646800449876331,1.4299690229432618,1.3967528814694152,-1.8333654082029562,4.085688426984149,1.9815401184152714,0.09807951831673233,0.07829075770167382,-3.2772694236402837,-0.7525006108365293,0.9496278653335172,-1.4850554397619684,1.1296108962326423,2.2399458271695463,0.7280873630338575,-0.33241168775835295,-0.8737507147331645,-0.48434921241394785,-0.1170834327806598,-0.2842550873431558,0.5563500225143441,0.9806603694816044,-1.5380504554764298,0.43302283039309897,2.211362719602171,-1.1793833765103932,0.2890084042863841,1.0587042296462552,0.5841498938168799,0.907048043770291,0.502821292583495,0.3930823815240071,C=CCOC(=O)CC1=CC=CC=C1
0.8375399224574787,-2.801378766726226,7.269097082640596,-2.76430567946071,1.6163232997763959,0.0398303578384153,-0.001336652318103773,0.45684529978889965,1.4610138890600235,-4.325188282621201,-0.36894028078073365,-0.7817034214982012,-2.217078207624478,-1.7520228905131836,-1.9495358369737716,1.788537485890484,0.11209883423867519,-1.6078165452202404,-0.8819221973435656,0.07538952474249148,0.7880378668077571,-2.9087123120702962,1.0904948972734414,-0.3021099212403037,-0.7471562900000599,0.2610725450888947,0.6223171641154536,-0.3815131409221486,0.2521543217641616,-0.20099813147610127,-0.48529054935676524,0.11807939498719087,-0.07218064831385837,-0.11606940106600362,0.49129242832601366,0.06169121918370829,-0.20329009299442705,0.2732569320821393,0.19719856081578924,0.3504085558221507,CCCCCCCCC=O
-0.8774127667061001,-0.329076351197621,3.695940539052779,-0.8226157561672292,3.7016370911720626,-3.1085682486670163,-1.2212475256810678,-1.4234510723530684,-2.7477645783148623,-1.264512555219318,-0.12278384468086267,0.8488128165660973,-1.1776120156431775,-0.25451435822716123,-0.052641240386265074,-0.5920612268536692,0.8078647634806154,0.8368404441503579,-0.9073795829780685,-0.001185703085980291,-0.6211449838205876,0.11455175334289186,-1.204768062216495,0.3168763421431188,0.8392774477565219,-0.4070034624159857,0.13501664981877562,1.1354163391839234,-1.3142394411706055,0.11135796069866771,-0.3735967592017049,0.27436521032545613,-0.43594700261555747,-1.5719612394605804,-0.8627489137270687,1.7940498481475435,-0.39339007124655706,-1.0970221062676109,1.4041229267618969,0.3368403584288889,CCCCCC(=O)C=C
5.0089632275174045,4.90471296851779,3.107521927730644,2.6884519080212534,3.334280153289991,-5.163073334951423,-2.9247871653709807,-1.5595526647768254,-4.029107593529598,1.3451180585219336,0.303982086699236,1.0694664453284084,-0.9546640211011649,1.2290722004169659,0.3879464312545114,0.11962114067551152,0.6236864302133931,1.0295806543135904,0.011230925486724698,-0.8733655761158892,0.13761745743320206,-0.4227325452196656,-1.9109191967590597,-0.9808627668289631,0.8656032571940341,1.3252117789658995,0.6859966553268315,1.0399762765527818,-1.742719926478939,0.9992656551917479,-0.22593492832143233,0.969845260815399,1.0292511712514922,0.7958534454895013,0.058680381777158175,-1.261379199716197,-1.3453038181517882,1.4364161732920402,1.0607191568915615,-0.9063859208172347,CC1=CC[C@H](CC1=O)C(=C)C
2.1028578850560216,0.8769418088270745,5.092553331440046,-1.5725771342681936,-3.122494669385961,2.176176380063236,-4.118342613440364,-3.936689604189458,-2.4451125434924244,2.071484435877698,0.9068523988686535,-1.1866553396869097,2.2369694322268185,-3.3477634001679446,-2.361929823908234,-0.14009689957303872,0.008325737603481575,1.6385539579014885,0.418790655078493,-2.864675925499532,-0.8001133421675751,3.091693372341417,-0.7776214341475791,0.3575009712817326,1.7800171184238638,-2.210099612171956,0.38945497840769666,-0.9170392816273457,2.1973052822446055,-1.682361880378477,-0.29118222297174723,1.1207116164084305,-1.2663422482571471,0.5404018542863058,0.7503871512872504,-0.4449175314189033,0.5004092370763322,0.3282930927919857,0.6687458802963947,-0.3158447686873231,CC(=CCC/C(=C/CO)/C)C
-6.741382775878138,0.5296758860795892,3.4547658306694298,-0.9180262211886236,4.324543715228831,-3.756149052240467,-0.0037772396383933078,0.7541382813999388,-2.128182444653152,-3.189772520445129,-0.8831171223209842,-2.7375081902010687,-1.8077018421363356,-1.338507785149899,-0.7196490539536775,1.9935203433981925,-1.0041659592457988,-0.4851034103356423,1.0978813119223356,-1.1543807119384029,-1.6207047400861714,2.285777833698871,-0.22955895310353908,-0.4801076354141813,1.2530265823116589,-0.5801624873333477,-0.5497123607182783,0.6789805283539666,-0.2218377844166066,0.33807700474679003,0.671700467739965,-0.7747630290316438,0.677405438823657,0.10264746204995316,0.02686441892152406,0.1301426583358737,0.30671128935167813,-0.9168522291902099,-0.3764691567462015,-0.6056464001964226,CCC/C=C/C=O
-3.7824083363737424,9.786887398081225,-9.69351160159078,-4.237777922783532,-11.119203235430454,0.96878691719014,-2.782778667557724,-0.703199948016158,-2.6688192690338957,-4.538761483198397,-0.7745506159190094,1.5526112444724942,-2.737719070730907,-2.0188635194344844,1.5985569907112607,-4.5322147096855945,-0.11204394673940839,0.10782856159268982,-1.3874528947293132,0.5419608886800225,0.064001563732599,0.8272385388594244,0.9130200855348752,0.7875370561165662,-0.6247126514354093,1.5554938278789245,0.6005158687626704,3.4704181178881552,-1.1804434542520705,-2.2953995024903153,-2.0440945616758004,-1.3243902669972492,0.4129970839094247,0.0028380212326175962,0.8593229234467115,-0.38058442759896516,0.4479423869382679,-0.17009322087389148,-0.11652142651575556,-0.05961289264598974,COC1=CC=CC=C1O
-3.90615951829347,-2.3003566344844057,5.343661636356078,0.9192518928662645,-3.8875873938355845,2.6628162081439517,-1.7198005084795098,-0.9561547108747825,0.9121484001185275,-2.178836968077835,0.026674207011982327,-1.7793817379500412,2.884886001397086,-1.9851682320505608,-1.0881251327364356,-1.1785296141499617,0.3131454836267668,2.1132100668544966,-1.884619702173211,-0.054841745422378525,0.1826842571366862,0.053125944148045154,-1.105206802869103,-0.34749448588643644,0.23544106126079903,0.17954620016476366,0.9181856418363894,-0.964290127929907,-1.1100372847533475,0.23952658087178233,0.05425386263672353,0.6174194880903907,0.16158048476049647,0.0591860908392036,0.4645504438486593,0.6553838401378057,-0.20337718823827086,0.10347646873761834,-0.7817485227645651,0.4891175485249312,CCCCCCCO
-3.672037403606165,-1.3361467831222122,5.063585291649131,-0.8161247802236246,2.141258541813117,-2.0537880345812747,0.30272927331167643,0.500361246413634,0.0976923824204129,-3.844673104584935,-0.46560435758992,-1.7655887666436412,-2.014089534825117,-1.524433481175479,-0.8726456321802797,1.8179422995627394,-0.22402779432053194,-1.1693046920479697,-0.40788588654020735,0.09884857623611716,0.14966542406104402,-2.188768864211497,0.5659768558865184,-0.36364063053328505,-0.6160237910354759,0.10199264726333075,0.393857601313736,-0.2652724026467455,-0.17872318937791823,-0.04482238440615925,-0.3569138942310647,0.11434259659175608,-0.22886355951786358,0.41505025838491594,0.6616428126630225,0.42078101965094356,-0.3235210605079235,-0.019209697780251462,0.4895183919434182,0.17662125674718557,CCCCCCC=O
1.5353048314363005,4.701524886616323,-13.29573272829435,-4.336798130090396,-5.507860490664784,-0.5741207394259294,-0.29533976022682734,1.9973912480610436,0.23077802445518678,-2.136715993734659,3.2567728737603754,0.1580609975995207,-2.053807762482108,-5.181593819720173,0.6616360704000558,-2.9371052914366365,-2.181978687013413,-2.631718680678662,3.0996844599844766,-1.632664617574545,-1.759568073729774,0.0068391856452382225,3.1116428047359355,-0.28188445509816296,-0.3833802876287183,-1.0733271716980006,-0.13271074100440958,-2.8581759361537027,-1.7330374213169282,-0.6612434559548814,0.1508751975951411,1.7416856321198146,0.1796683698633852,0.5531526758866058,-1.6390645238554657,-0.33042103449668936,-0.9031208333118114,-0.08366491040518723,-0.011013947298029396,0.08429938365580135,COC(=O)C1=CC=CC=C1O
7.362006321706413,3.1147207648218767,5.846790936933502,8.111175381182052,-4.68888175618573,0.5268817903769848,-2.5603709106825,-1.900002804512941,-2.793991755988605,0.7541932267844262,1.65750257229452,-3.103714978117565,3.1350807165618426,-1.2521112486216432,1.2963788293476763,-1.216014115588728,0.016219016807726014,-1.772400286894894,-3.2990796286346136,1.3640497313914546,-0.9353554358947987,-2.5528754689998645,0.9140707808623828,0.02841612457518946,-0.4185330577539294,0.7819977679431285,-1.2744462953986244,0.4354916577181815,0.6084094114990224,-1.7193626738874601,2.599014613327862,1.195442244534431,1.7877893102076365,0.3612624193744525,-0.36481870914176984,0.4002542642015624,1.4539305269177079,-0.35496517527503474,0.8060033758553303,-0.4764528021718381,C[C@H]1CC[C@@H]([C@H](C1)O)C(C)C
7.569745223502898,6.564528797731959,-14.710245932039413,2.968495065168361,15.979957241960594,18.289297756115307,5.841548027787472,-4.897369325584345,-5.601069811980486,-4.730407720112497,4.628369551113716,-4.279850622509872,0.39647743455630735,1.8060391348730003,-0.7185083103522686,0.5773434454962463,1.2168823458031504,0.05188130092185679,-0.3596817818543643,0.5534873737273553,0.46007145426369006,0.37716385713130535,-0.07191610773111726,-0.2596911378106289,-0.10413524437941722,0.19691246818515254,0.12605362904962772,0.0364882221997218,-0.30070428677681255,-0.16222383388961858,-0.23706656717942576,0.12600653818950186,-0.08375348165972267,0.06143011909620377,0.06923383539422352,-0.04322742408139697,0.024948719658582245,0.05117772429686904,-0.00617635307019444,0.016676190744615342,CC1=C(C=C(C=C1)[N+](=O)[O-])[N+](=O)[O-]
-14.087422202636462,8.196498636470093,9.695529201595626,-1.2445791202491474,-2.3302417602858507,3.0286239748573696,11.6710440337977,7.02617380286123,-2.266888083383061,1.7272320837586934,0.45101292075660143,2.722505320539015,1.922661702184103,1.8574730441216503,-6.406492435905425,-3.800336443985184,1.4131516629530174,-0.9069963544538788,3.605116672440226,2.6357202769325276,-2.9931897748910776,1.0622751871731084,0.3685417648112448,-0.025592683537810138,-0.14456137726529494,2.3599744925383925,2.241737245498374,-0.2426299913426072,1.3148841695393432,0.40852614721339126,0.1454500472426622,0.2661798122326606,0.7164790965128437,0.20660864005258853,0.16657345015233788,0.20903886438468477,-0.1250097455927631,-0.14735214508671562,0.24765598217800575,-0.09531165500178022,CSSC
-1.6278253020537914,9.701105048523061,2.353868708390173,-5.49476198192105,-3.940989325724711,0.14821873741482972,10.832284917592618,8.833391922271682,-5.01056671172555,7.917014911792619,-0.9738635322456898,-5.61684182484163,-2.3982441946065207,1.2067438240427004,-2.056417670322042,-1.3458297416257798,-0.7515097568420551,0.27198838837706185,-2.837169509594717,-3.003674744373128,3.712058677634132,-2.293142207648006,-1.062393142686403,0.10343414724526177,0.6008868188435561,-2.2848718952149802,-1.5409572060951142,0.4833827696984741,-1.0109934428563956,-0.4426230456583594,0.11266371002059686,-0.03478603071982251,-0.6656775347989782,-0.2900820297242216,-0.14543881347695475,-0.1679262050116932,0.06334004401375497,0.11975448616903833,-0.20536793380613422,0.07009493667919407,CSSCC1=CC=CO1
-8.456236981199547,-0.8621739065730334,3.3047172374391964,3.2318442066383573,-3.300909738393929,0.4605278293937213,-1.3162032779426556,-0.7046384345063269,-0.3492624056918656,-1.7905049775475825,-0.3611053722024696,-2.729445080239067,3.384406951097607,-1.53909795265345,-0.433098580019399,-0.4580971745150256,-0.237957400345319,2.42962748784899,-1.3798852578509742,-0.25685784586832955,-0.7711735426625658,0.9110248864341686,-1.5417529484632577,-0.09012273033809162,0.20565295747409912,0.5908113379542749,0.8551595050081777,-0.4114507967259438,-1.5540309671773644,0.43036365702024076,-0.3269579091011636,0.9762878592816201,-0.3963800320111144,-0.08750090633042222,0.08506012339325247,0.6665766124719263,-0.044271884942231034,0.032798972723082215,-0.7445154417005786,-0.00048156126566823365,CCCCCO
-13.691514313396272,1.2552555537737422,0.6936068474980973,3.1503224113985056,3.259945307939163,-5.476103654253257,0.9512578962432585,1.6038794944587265,-1.3866424653575684,-3.7925157248461514,-0.8374116397768678,-2.488715612462243,0.2846916252054091,-0.4572043755925055,0.5092097698225758,1.5155929801698238,-0.6440385352054778,-1.1150507343914748,0.7382052925050773,1.2247565995814709,-0.021798766517508394,0.0746352029024027,-1.656452972422283,0.10689688142333995,0.24385010152456008,0.9374854028234985,0.20056994173983483,-1.4626222430291826,-0.9079122979966836,0.29304099193076877,-0.6959788041870757,-1.2627558582527827,-0.40402203793365987,-0.1861452573074208,-1.4443948901589219,-0.8239102662575326,1.9325049926307627,0.5619694127496647,0.032376186897489945,-0.4532307428405131,CCC=O
-13.20340910666472,10.941658629360193,1.4977460769014515,2.372155580294003,5.1727420759617715,5.145845735694886,2.52247502325503,-2.2432226373623676,9.212701268124583,3.075172969774478,-7.49475009547359,3.83895761463624,-2.452827084777483,-4.249466262595349,0.11067036815187896,-1.397091506657517,-0.5223977708285883,-0.6369415507729506,-2.9781847204839895,2.4158049747204173,1.9387956799085106,3.32962683714476,0.3911767201933612,-1.362935887029235,-1.0835300833896213,1.1886465174105945,-2.6609319783472,-0.7235922853934278,-0.5934278395301072,0.09131853574363406,0.44581365121926975,0.8585065567197173,-0.575512291693079,-0.19669417757366806,0.4041790967924811,-0.0663614506554299,0.07021852047190669,0.30355059896517256,0.5176858246650362,0.016185254823803674,C1=CN=CC=N1
-0.025846692540293318,-2.4805116733030386,-2.172500557116593,0.2610316440922605,0.25336447878701784,-3.2683001225068047,2.3196145806726998,-2.8584810615799148,-1.7230791722516718,1.731830616518971,-0.4503705359706787,-0.03507947208765667,2.6616283429044585,0.6865160761392145,1.7934452113359773,-1.1728080446794797,0.5794290341335421,-1.3079517852585338,-0.7749457449259938,1.2379301414352066,-0.412173131963822,-0.7792998710339495,-0.5035045572016252,-0.9987811830658556,-0.5729353808653151,-0.005540558570469016,-1.1310924627784587,0.06521491890817928,1.247002483015009,0.039116377394276,-0.9580030295582814,1.0594133299475466,-0.3564227390642169,-0.5108809343794316,-0.019903202243788467,-0.6639038896924124,-0.516126150092663,-1.304483598829271,-0.5827165989871665,-1.050590641834339,CC(C)CCOC(=O)C
-10.721289899127415,-3.185462748454391,-5.779817470013448,4.754309652750531,0.7685314285593005,-1.0989984880556527,-1.1989828024840137,2.376251798782676,-1.6796046317448585,1.4063026329449193,-0.36369766099174217,0.238363409457688,-0.46795396139296386,1.1700732300272771,1.1430130446512565,-0.4343932597352961,-0.1517684153829387,0.2459171963886227,0.7450167783969264,0.86214914678499,0.042834151874149025,2.391763736111189,0.5961543741280398,0.6781509128765928,0.5461724833847044,-0.6274893697267951,-0.2359523096769715,-1.0549262513286495,-0.5600606417467252,-0.1523309564424288,-0.23815900679121538,-1.2583626602841818,-0.5315276914002093,-0.29748782459995604,-0.5014766446749143,0.5718586995222723,0.7446198444337956,0.28591033743377026,0.38514377000024697,-0.45391190467964637,CCC(=O)O
41.7597956308511,9.122501524352442,2.8389368721002013,18.75414400529043,-3.4821612974407534,-1.9865148654773734,5.08184786063969,6.234088588398244,2.802415288240215,-4.602749395165998,-5.110276194301789,-0.24266252585826067,2.595285038745933,-1.235261445185896,0.7318154022107013,0.9459635929328366,0.050247941358561574,-0.25109773168400745,1.5984550721221216,0.6337809082582118,0.1311645994552385,1.309077840235046,-0.3270043352765872,-0.09092415820057737,0.07100486066318556,-1.162020321522277,0.15211400897820132,-0.049286522311530585,0.14859380509312936,-0.286449606167396,-1.00624484113095,-0.5962758584922284,-0.33895414982564176,-0.001097262766738245,-0.05733205520441718,0.08469698307054596,-0.3242082633950179,-0.06561132870316201,-0.02899282078826152,0.07724811378051245,C[C@]12CC[C@H]3[C@H]([C@@H]1CCC2=O)CCC4=CC(=O)CC[C@]34CO
11.84555391827216,4.591596372800087,6.093292939376911,0.08279306012154065,1.5482781334320963,-2.298029605477146,-3.932215541770935,-3.415488793499259,-3.8303790116728926,3.1693620979263017,2.966763397656575,2.3946144734031294,-3.0244632782440704,-0.18531124668688131,-1.4579950083760984,-1.573676227105199,1.9266456479296472,-0.9879107792628459,0.481658464012632,-0.42222931869936464,1.9483342215215351,0.7540776316073778,1.2203108034979642,0.4061532601853961,0.04925847421420381,0.23315893230287354,0.9548343534743223,-1.9166978358383575,-0.42065362265088463,0.760498489045628,0.6287552217643585,-1.5571954436281246,-0.31653093919919834,0.6661324530660881,0.897669599250026,-0.5329113114040748,0.7791996654230495,-0.6896905835831175,0.26014846314085793,0.7049536378622955,CC1=C(C(CCC1)(C)C)/C=C/C(=O)C
12.057614228542208,4.628489280474976,6.24395277824399,1.1204953570366813,1.8464214136035297,-2.77382207108129,-3.353784874466167,-3.2483220245404727,-4.339361660188869,2.937342716360146,2.2157215310172784,1.8054768391802898,-2.7499176264170373,-0.5546486647126618,-0.6263579131759172,-1.8030112075961178,2.1256894521208016,-1.7748511739468955,-1.0151717774385163,1.2635820733197463,0.8822099487412399,0.5630715490287863,-0.8068095744982987,0.17143642052851943,-1.970955199997837,0.8066048354427027,-0.9699152833914811,-0.6037190871183763,-0.3338259457266947,1.2068755885783211,0.39946957640545416,-0.45259001307790203,0.9696679592619951,-0.8668342492739495,-1.0410711144500644,0.4005238890981676,-0.35028395931966605,-0.09616430705006165,-1.0075838690142243,0.3662689757888537,CC1=CCCC(C1/C=C/C(=O)C)(C)C
-14.798085043134334,-0.56898654565105,-6.037524259925761,5.61908105719509,-0.7919261114922466,-2.0266124887495587,-0.14593051273831903,0.8234023359191807,-0.39346934879382106,-0.3092670674484229,-1.6303486015096955,0.3878546338807636,-0.2796741998436885,1.2657144942705187,0.6098588911080127,3.7463015436523937,2.550896308902022,-1.839387623481525,1.0597023321053651,-0.9979821900346441,3.626017033596962,1.925993065351583,-2.361510083405774,5.217025306723136,-3.667678196056236,-0.4363838215656262,1.7715229683095717,0.0995144980232388,0.6232611368494405,-1.5333294832095201,0.8659441976819421,1.0667752671413606,0.3811814688261854,0.35859383324719424,-0.21607090102469567,-0.14143470756559445,-0.5929339262400478,-0.25784380177191546,0.05514099885259522,0.219349109051685,CC(=O)[O-]
-7.656074342864922,1.4446063283166448,-3.8201736361687337,4.301492853019044,6.931887953202423,-3.046351783468632,1.9424315559530825,-0.6350466815136385,0.8336628875590055,-3.502537224974008,-1.1335084070058468,10.490241714216173,0.6428933445095252,0.7726072773487775,-1.9061339806598994,-1.619636322335873,2.6985870126126907,1.131088256439965,-0.19374191796924994,-0.23092244015304048,1.7639217835985193,-2.5406101550556306,0.6291778602825894,1.36746239320122,4.065623375156676,-2.966983176892381,-0.29008431452631933,0.5854455357035206,-0.46430747610898315,-0.08564692565552745,-0.14725510992375426,0.9794893916314551,1.1670976707755427,0.5562074489645289,-0.09648368502145828,0.2585401845565995,0.5195748596256973,0.012070388773712071,-0.49705546770587905,0.06809240103578441,CC(=O)C(C)=O
-5.875014465063043,-1.0697190190429033,4.289083899096922,-0.14037761678290295,2.5515799734447038,-3.089343846795485,0.5702458953400235,0.7596262935029614,-0.6350074362358614,-3.937695604473464,-0.6887677751746275,-2.6124724125169125,-1.4508997473233114,-1.4780736244261248,-0.44358706277581145,1.8284187519160193,-0.43181465173464606,-0.6271055524659973,0.26620344639262394,0.03668347962799893,-0.5485071418816484,-1.080065424862017,0.21983681014796763,0.007533114501948602,-0.06893752227878362,0.0003896038424006177,0.10470802645282423,-0.2512269606965748,-0.8012699727011768,-0.05010307663163245,0.08967419327299597,-0.36653441499869543,-0.15447161258341294,-0.17403324830071676,0.6734296675967869,-0.17390812767397662,-0.40954792124784917,-0.22062860352479752,0.49222645523154274,0.11422828771829348,CCCCCC=O
-0.9551067266024622,0.21240288100813595,-10.575918364348524,4.95229715893436,-2.5423006117717644,-4.34257850530633,2.567729694907563,-0.7991756723570167,4.259105428350035,5.483889184186179,10.198675705672386,0.6206169901813055,-1.7331358331023914,-5.945646020151779,-3.7924825063458707,4.340544236865513,-2.221989139249997,2.65622876149232,0.20868991653931282,5.128734047605674,0.9754061227734434,-0.28087070822826843,-1.0452305290828412,-2.027792282913053,-0.2774361486508252,-1.527452657170158,1.3792813781282829,1.4695479407694227,0.11139801102641946,-0.24834991238914675,0.3700883174379615,-0.3078598249253158,0.08913924362506545,-0.3307178032781783,0.04317474199558824,-0.1370303096090953,0.017445925240652357,-0.031895004961112555,-0.0028709122973715217,0.01177291367584227,CC1OC(=O)C(=C1C)O
1.6711493827914612,7.202992120526116,-12.17540948562841,-3.427726656991169,-8.352835611558373,0.14555996071808286,-0.37427364107233674,-1.2420278664362663,-2.8829307431094735,-6.8478550892903485,-1.5402523883282144,1.6185249121861605,-3.819783566952634,-2.19522887143376,1.7376485686599652,-2.631246508920376,-1.737907766582244,-0.2833466992923911,1.2643531712264622,-0.39192076133810255,1.1391451342542152,-1.440238725519644,-3.95593119610166,-0.35460337096824945,0.7270547915057961,0.2325732645449914,-0.013779135227784256,-0.37972327298480635,2.767407283697441,2.6862037663958143,1.7804938758704485,0.18286763052184635,-0.6930303388908838,-0.7226796405836193,0.47110668455947463,0.36955625643126555,0.20928591752104803,0.2785943971910792,0.13430640273807573,-0.011386461560822236,COC1=C(C=CC(=C1)C=O)O
-2.3470915430008126,3.5215846723178235,-1.446908580563057,5.2019885938609445,4.068055592851338,-5.091329625211874,3.891686968589351,-1.6116239959304433,-0.9766075079129222,-0.8201831893711501,-0.01049614924118215,1.973853481099641,-3.321506298031122,1.9930074876298727,0.24705366194067113,-0.9380461906114018,-1.5629402681946474,9.381932689608277,-0.31766172005394505,-2.7485934367943785,-3.50568172711226,-1.7215066247172983,1.1233434962537703,0.6076586740295001,-3.862511567626586,-0.055229443882257485,-1.2692572716758628,-1.0419366704524213,0.945161376272454,-0.3086901851021246,-0.23926904013072853,-0.012201108858350084,0.25778118378782305,-0.21228830008175295,0.22533000081672389,-0.29506921347539766,0.33145030570035733,0.027777591946511228,-0.025724722434964386,0.15461143992726462,CC(=O)C1=NCCC1
-10.497022948089628,1.514310291988693,0.7478785156986082,3.5189930652410224,3.147507275437692,-4.408359985017244,-0.5226510372951012,0.49215122499634206,-1.2692839265135052,-2.515101634161647,0.37255475760965034,-0.1393168783605197,1.3940528961828154,-0.10325776439599978,0.10418093622759976,1.2562840041443644,-0.15077492854586722,-2.41447412387779,-0.6465076450588969,0.8027694238140728,0.38304819033321774,-2.1023181833416573,0.9288229486055789,-0.5662281150814621,0.9959637028447363,0.9830799568880267,-0.1942464213311643,-1.240778786954177,1.0730926668457326,-1.6723512475022586,-0.4073805106342169,0.10025625048055099,-0.4779154929158889,-1.4523652755451075,0.2512164569846357,-0.9419890722641217,0.14807313299193167,0.6729042737601364,-0.8185531508520338,0.09809139857701409,CC(C)C=O
-2.5304677014847226,-2.451294639518721,-2.988707945099769,-0.1847941154141907,1.4221604038289821,-4.1330862557035815,2.5481189807142597,-1.8790254993139641,-0.9428001818132354,0.8404210961044527,-0.7831633408851753,-0.3260368112616723,2.7654623352554037,0.886207069942135,1.5941587726166375,-0.9491029333099358,-0.09597933408689158,-0.24114312505740965,-0.3494128556289296,0.28890349915710234,-0.9584464556164846,0.3585578444903183,-0.6381887529420013,-1.573785887975468,0.7371931381776189,0.404581738003755,0.04190338238505914,0.46951028987880583,0.11024880851540371,-0.0006770159961864192,-0.21278136179610438,0.4058580633470805,-0.9664297886110872,1.160102935319915,-0.6229263741273162,-0.9922078052223673,0.35122863782700253,-0.8670666751221223,0.5303782155337647,1.7671421730296877,CCCC(=O)OCC
11.263644520495909,5.702815601287439,4.325350625062036,0.06900655077061842,3.16382639138991,-3.4984818857423856,-4.8801883897533775,-2.211644659378596,-3.9328050294762127,3.582919114005235,1.6794489270564938,2.569122251145069,-2.9125147996447645,0.15550766804963123,-1.9811356411099086,0.1960573579193461,0.8758115553524815,-0.5550735361544067,-1.0490244562656497,-1.6068169422523557,0.797506017413895,1.800232081050427,0.5890996553698787,-0.9744178854578902,-0.2462091667500623,1.3577313581211605,1.3315812581559994,-0.3901127404616111,-0.09916310501547437,-0.41601185087036857,-0.5625868436019648,0.6496670143689425,-1.3020544918750256,0.2811900789406087,0.2288252866468169,0.30495205730364017,0.18005154620222202,0.137431602223463,-0.6233421939823532,-0.5414332358520928,C/C=C/C(=O)C1=C(C)C=CCC1(C)C
-1.5050884595329939,9.45503158411878,3.114713186651132,1.027684229680687,4.581192956972348,3.9486372329163912,1.208049381663038,-7.570248495068689,2.768876589485937,8.072090741755773,-7.402909524635248,-2.1521117050578913,-2.0338392998622266,-2.9287375511845886,4.130432484687847,1.0064510423138038,-4.908739154479895,-0.0900242690399074,2.3130386019633895,-1.3172057141326803,-1.0413649221283443,-2.5939389558247914,0.20967432338053624,1.2917710608820117,1.683020100761318,0.2742855045503529,3.261869955381154,0.3056871035785458,0.3773796797855956,-0.06155114343110976,-0.06202652929199322,-0.6301449182351897,0.8359050766810815,-0.06929556220500048,-0.42930700767390106,0.09843243025028506,-0.0611729566090428,-0.33744635945780194,-0.38883806694141915,-0.019167656136507154,CCC1=NC=C(N=C1C)C
-0.613889245191701,0.43571769284993866,5.958805413993929,-3.93388335506855,4.430125701058333,-1.6817299491425157,-0.6620351407592262,0.11948306291134826,-0.9008261203112421,-2.7957199713997296,-0.7650049690128413,-1.2097004288779305,-2.695858764327144,-2.601642791260271,-3.263271092693151,2.8297573847304345,-0.4223529707619058,-1.4972364213936988,0.13846209622886926,-2.316184133878947,-1.9484732493222534,3.9519211080822636,0.46487086351771506,-0.21100515390819607,0.49445649747322973,-0.6507607663581904,-1.3843608449587825,2.627600821153798,1.3526380744961306,0.11537702247165113,0.16587239074397192,0.6564292058533319,0.9019458791710133,-0.6740384537186148,-0.6471987183628107,-0.5329766253373184,-0.04694767466599057,0.01704754486650165,-0.6264181777527498,0.458633286626685,CC/C=C/CC\C=C\C=O
