SMILES,MaxEStateIndex,MinEStateIndex,MaxAbsEStateIndex,MinAbsEStateIndex,qed,MolecularWeight,HeavyAtomMolecularWeight,ExactMolecularWeight,NumValenceElectrons,NumRadicalElectrons,MaxPartialCharge,MinPartialCharge,MaxAbsPartialCharge,MinAbsPartialCharge,FpDensityMorgan1,FpDensityMorgan2,FpDensityMorgan3,BalabanJ,BertzCT,Chi0,Chi0n,Chi0v,Chi1,Chi1n,Chi1v,Chi2n,Chi2v,Chi3n,Chi3v,Chi4n,Chi4v,HallKierAlpha,Ipc,Kappa1,Kappa2,Kappa3,LabuteASA,PEOE_VSA1,PEOE_VSA10,PEOE_VSA11,PEOE_VSA12,PEOE_VSA13,PEOE_VSA14,PEOE_VSA2,PEOE_VSA3,PEOE_VSA4,PEOE_VSA5,PEOE_VSA6,PEOE_VSA7,PEOE_VSA8,PEOE_VSA9,SMR_VSA1,SMR_VSA10,SMR_VSA2,SMR_VSA3,SMR_VSA4,SMR_VSA5,SMR_VSA6,SMR_VSA7,SMR_VSA8,SMR_VSA9,SlogP_VSA1,SlogP_VSA10,SlogP_VSA11,SlogP_VSA12,SlogP_VSA2,SlogP_VSA3,SlogP_VSA4,SlogP_VSA5,SlogP_VSA6,SlogP_VSA7,SlogP_VSA8,SlogP_VSA9,TPSA,EState_VSA1,EState_VSA10,EState_VSA11,EState_VSA2,EState_VSA3,EState_VSA4,EState_VSA5,EState_VSA6,EState_VSA7,EState_VSA8,EState_VSA9,VSA_EState1,VSA_EState10,VSA_EState2,VSA_EState3,VSA_EState4,VSA_EState5,VSA_EState6,VSA_EState7,VSA_EState8,VSA_EState9,FractionCSP3,HeavyAtomCount,NHOHCount,NOCount,NumAliphaticCarbocycles,NumAliphaticHeterocycles,NumAliphaticRings,NumAromaticCarbocycles,NumAromaticHeterocycles,NumAromaticRings,NumHAcceptors,NumHDonors,NumHeteroatoms,NumRotatableBonds,NumSaturatedCarbocycles,NumSaturatedHeterocycles,NumSaturatedRings,RingCount,MolLogP,MolMR
CCCCOC(=O)C(C)OC(=O)CCC,11.258151455026455,-0.7908276643990935,11.258151455026455,0.33986111111111095,0.4825750418650874,216.27699999999993,196.11699999999996,216.13615912,88,0,0.3466487531410485,-0.4629629025021227,0.4629629025021227,0.3466487531410485,1.2,1.8666666666666667,2.4,3.727284563698516,200.76460234915857,11.681798275874712,9.745877336977816,9.745877336977816,7.112590865130759,5.474666332668862,5.474666332668862,3.4031388201654518,3.4031388201654518,1.8364859304936823,1.8364859304936823,0.9427836233289598,0.9427836233289598,-1.06,1563.5651345249198,13.939999999999998,8.264978629376944,6.938534073823181,90.93880683089692,9.473725907600098,0.0,6.103966387748303,0.0,0.0,11.938610575903699,4.794537184071822,4.794537184071822,0.0,0.0,20.268296022307258,19.765380445542643,6.4208216229260096,6.606881964512918,19.06280027574374,11.938610575903699,0.0,0.0,0.0,52.558464478524215,6.606881964512918,0.0,0.0,0.0,0.0,0.0,0.0,0.0,24.64945892816492,19.06280027574374,0.0,46.454498090775914,0.0,0.0,0.0,0.0,52.6,12.073271675700152,9.589074368143644,0.0,5.969305287951849,13.027703587438928,19.26246486877803,6.923737199690624,0.0,13.847474399381248,0.0,9.473725907600098,9.776840986394557,0.0,22.316040643109098,0.0,0.0,-0.8144957535483321,0.0,2.071935682062846,5.816345108648499,0.0,0.8181818181818182,15,0,4,0,0,0,0,0,0,4,0,4,7,0,0,0,0,2.0615,56.32900000000004
CC(C)CC(=O)O,9.809722222222222,-0.712962962962963,9.809722222222222,0.2754629629629628,0.5668189166571438,102.13299999999998,92.05299999999998,102.06807956,42,0,0.30310054985898266,-0.4812230637329638,0.4812230637329638,0.30310054985898266,1.7142857142857142,2.142857142857143,2.142857142857143,3.126006652390634,66.48040587771368,5.8618073195657985,4.639918936339995,4.639918936339995,3.125897657686229,2.344233162418299,2.344233162418299,1.9917095385726369,1.9917095385726369,0.582868716714724,0.582868716714724,0.34924085250172204,0.34924085250172204,-0.53,19.093583929800843,6.47,2.610921480426842,5.47,43.15477533765576,5.106527394840706,0.0,0.0,0.0,0.0,5.969305287951849,4.794537184071822,0.0,0.0,0.0,13.847474399381248,5.917906046161393,6.4208216229260096,0.0,9.901064578912528,5.969305287951849,0.0,0.0,5.917906046161393,20.268296022307258,0.0,0.0,0.0,0.0,0.0,0.0,0.0,0.0,11.075832682792555,4.794537184071822,5.917906046161393,20.268296022307258,0.0,0.0,0.0,0.0,37.3,5.969305287951849,4.794537184071822,0.0,12.338727669087403,0.0,0.0,0.0,0.0,13.847474399381248,0.0,5.106527394840706,0.0,0.0,9.809722222222222,8.08388888888889,0.0,-0.4375000000000002,0.0,0.2777777777777777,3.766111111111111,0.0,0.8,7,1,2,0,0,0,0,0,0,1,1,2,2,0,0,0,0,1.1171,27.090799999999987
CCCCCCCCC(=O)O,10.088166965860419,-0.6662115509784157,10.088166965860419,0.3394097222222221,0.5783198770575686,158.241,140.09699999999998,158.130679816,66,0,0.3028395565321837,-0.481230389785217,0.481230389785217,0.3028395565321837,1.0909090909090908,1.6363636363636365,2.1818181818181817,2.849761282233442,99.73585546369786,8.52709773749546,7.305209354269655,7.305209354269655,5.270055610029662,4.488391114761732,4.488391114761732,2.9115054961897218,2.9115054961897218,1.7441955573808654,1.7441955573808654,1.056555811042823,1.056555811042823,-0.53,240.89588338167468,10.47,7.575596620908132,9.470000000000002,68.6145437952422,5.106527394840706,0.0,0.0,0.0,0.0,5.969305287951849,4.794537184071822,0.0,0.0,0.0,39.02784531432067,6.4208216229260096,6.4208216229260096,0.0,9.901064578912528,5.969305287951849,0.0,0.0,0.0,51.8694885601727,0.0,0.0,0.0,0.0,0.0,0.0,0.0,0.0,11.075832682792555,4.794537184071822,0.0,51.8694885601727,0.0,0.0,0.0,0.0,37.3,5.969305287951849,4.794537184071822,0.0,0.0,6.4208216229260096,12.841643245852019,25.683286491704038,0.0,0.0,6.923737199690624,5.106527394840706,0.0,0.0,10.088166965860419,8.316177012471655,0.0,-0.6662115509784157,0.0,7.250707986898463,2.177826252414546,0.0,0.8888888888888888,11,1,2,0,0,0,0,0,0,1,1,2,7,0,0,0,0,2.821600000000001,45.62880000000001
CCC(C)CC(=O)O,9.96861111111111,-0.6950462962962958,9.96861111111111,0.30208333333333326,0.6064010060918424,116.15999999999998,104.06399999999998,116.083729624,48,0,0.3031110388175125,-0.4812229374116284,0.4812229374116284,0.3031110388175125,1.75,2.25,2.375,3.2364267831001374,78.59772060569361,6.568914100752346,5.347025717526542,5.347025717526542,3.663902460147014,2.882237964879084,2.882237964879084,2.111282694441687,2.111282694441687,1.220005563838875,1.220005563838875,0.44243328108393676,0.44243328108393676,-0.53,42.84459140699416,7.470000000000001,3.4692670369115906,3.6528153564899446,49.51971745205236,5.106527394840706,0.0,0.0,0.0,0.0,5.969305287951849,4.794537184071822,0.0,0.0,0.0,20.268296022307258,5.917906046161393,6.4208216229260096,0.0,9.901064578912528,5.969305287951849,0.0,0.0,5.917906046161393,26.689117645233267,0.0,0.0,0.0,0.0,0.0,0.0,0.0,0.0,11.075832682792555,4.794537184071822,5.917906046161393,26.689117645233267,0.0,0.0,0.0,0.0,37.3,5.969305287951849,4.794537184071822,0.0,0.0,12.338727669087403,6.4208216229260096,0.0,0.0,13.847474399381248,0.0,5.106527394840706,0.0,0.0,9.96861111111111,8.215,0.0,-0.36865740740740716,0.0,1.2527777777777778,3.9322685185185184,0.0,0.8333333333333334,8,1,2,0,0,0,0,0,0,1,1,2,3,0,0,0,0,1.5072,31.70779999999998
CC(C)CCC(=O)O,9.90375,-0.6956481481481476,9.90375,0.3032407407407407,0.6064010060918424,116.15999999999998,104.06399999999998,116.083729624,48,0,0.30284988820108344,-0.4812302641198295,0.4812302641198295,0.30284988820108344,1.625,2.125,2.25,3.0500782919131915,76.59772060569361,6.568914100752346,5.347025717526542,5.347025717526542,3.625897657686229,2.8442331624182993,2.8442331624182993,2.326260527935518,2.326260527935518,0.9355533079779874,0.9355533079779874,0.41215042213048214,0.41215042213048214,-0.53,40.339203954130696,7.470000000000001,3.4692670369115906,5.469999999999999,49.51971745205236,5.106527394840706,0.0,0.0,0.0,0.0,5.969305287951849,4.794537184071822,0.0,0.0,0.0,13.847474399381248,12.338727669087403,6.4208216229260096,0.0,9.901064578912528,5.969305287951849,0.0,0.0,5.917906046161393,26.689117645233267,0.0,0.0,0.0,0.0,0.0,0.0,0.0,0.0,11.075832682792555,4.794537184071822,5.917906046161393,26.689117645233267,0.0,0.0,0.0,0.0,37.3,5.969305287951849,4.794537184071822,0.0,0.0,12.338727669087403,6.4208216229260096,0.0,0.0,13.847474399381248,0.0,5.106527394840706,0.0,0.0,9.90375,8.16236111111111,0.0,-0.1899999999999996,0.0,1.0902777777777777,4.033611111111111,0.0,0.8333333333333334,8,1,2,0,0,0,0,0,0,1,1,2,3,0,0,0,0,1.5072,31.70779999999998
CCCC(=O)O,9.599305555555556,-0.7106481481481481,9.599305555555556,0.2916666666666665,0.5434407472889116,88.10599999999998,80.04199999999999,88.052429496,36,0,0.30282893657949883,-0.48123051640943176,0.48123051640943176,0.30282893657949883,1.8333333333333333,2.3333333333333335,2.3333333333333335,2.831257109931365,49.50977500432694,4.99156383156272,3.769675448336916,3.769675448336916,2.770055610029662,1.9883911147617317,1.9883911147617317,1.1437385432233529,1.1437385432233529,0.46386547149095514,0.46386547149095514,0.2138654714909552,0.2138654714909552,-0.53,14.834466856136647,5.469999999999999,2.693713646532438,3.4699999999999998,36.78983322325915,5.106527394840706,0.0,0.0,0.0,0.0,5.969305287951849,4.794537184071822,0.0,0.0,0.0,6.923737199690624,6.4208216229260096,6.4208216229260096,0.0,9.901064578912528,5.969305287951849,0.0,0.0,0.0,19.765380445542643,0.0,0.0,0.0,0.0,0.0,0.0,0.0,0.0,11.075832682792555,4.794537184071822,0.0,19.765380445542643,0.0,0.0,0.0,0.0,37.3,5.969305287951849,4.794537184071822,0.0,0.0,6.4208216229260096,6.4208216229260096,0.0,0.0,6.923737199690624,0.0,5.106527394840706,0.0,0.0,9.599305555555556,7.913472222222222,0.0,-0.7106481481481481,0.0,1.023148148148148,1.841388888888889,0.0,0.75,6,1,2,0,0,0,0,0,0,1,1,2,2,0,0,0,0,0.8711,22.543799999999994
CCC(C)C(=O)O,9.930324074074074,-0.7060185185185184,9.930324074074074,0.1805555555555558,0.5668189166571438,102.13299999999998,92.05299999999998,102.06807956,42,0,0.30569455284812064,-0.4810341567461046,0.4810341567461046,0.30569455284812064,1.8571428571428572,2.2857142857142856,2.2857142857142856,3.3434170589539596,68.48040587771366,5.8618073195657985,4.639918936339995,4.639918936339995,3.1807392125526213,2.4091114184167597,2.4091114184167597,1.6475335287433368,1.6475335287433368,1.033943437017994,1.033943437017994,0.17462042625086102,0.17462042625086102,-0.53,27.977093296928835,6.47,2.610921480426842,2.2012614259597805,43.15477533765576,5.106527394840706,0.0,0.0,0.0,0.0,5.969305287951849,4.794537184071822,0.0,0.0,0.0,13.847474399381248,6.4208216229260096,0.0,5.917906046161393,9.901064578912528,5.969305287951849,0.0,0.0,5.917906046161393,20.268296022307258,0.0,0.0,0.0,0.0,0.0,0.0,0.0,0.0,11.075832682792555,4.794537184071822,5.917906046161393,20.268296022307258,0.0,0.0,0.0,0.0,37.3,5.969305287951849,4.794537184071822,0.0,5.917906046161393,0.0,6.4208216229260096,0.0,6.923737199690624,6.923737199690624,0.0,5.106527394840706,0.0,0.0,9.930324074074074,8.18199074074074,0.0,-0.8865740740740742,0.0,0.7175925925925926,3.5566666666666666,0.0,0.8,7,1,2,0,0,0,0,0,0,1,1,2,2,0,0,0,0,1.1171,27.090799999999987
C1CC(C1)C(=O)O,9.981574074074073,-0.619212962962963,9.981574074074073,2.220446049250313e-16,0.5305035492718065,100.11699999999999,92.05299999999998,100.052429496,40,0,0.30598714903577456,-0.48102646184677705,0.48102646184677705,0.30598714903577456,1.5714285714285714,2.142857142857143,2.142857142857143,2.2655980761529655,84.08094399727418,5.276020881938894,4.05413249871309,4.05413249871309,3.3045304526403108,2.532902658504449,2.532902658504449,1.9660647528304416,1.9660647528304416,1.4544125680242606,1.4544125680242606,0.6551988655352016,0.6551988655352016,-0.53,22.187884622684773,4.624559505409582,1.5234757718400516,0.7344230822839645,42.14894418412653,5.106527394840706,0.0,0.0,0.0,0.0,5.969305287951849,4.794537184071822,0.0,0.0,0.0,6.4208216229260096,12.841643245852019,0.0,5.917906046161393,9.901064578912528,5.969305287951849,0.0,0.0,5.917906046161393,19.26246486877803,0.0,0.0,0.0,0.0,0.0,0.0,0.0,0.0,11.075832682792555,4.794537184071822,5.917906046161393,19.26246486877803,0.0,0.0,0.0,0.0,37.3,5.969305287951849,4.794537184071822,0.0,5.917906046161393,0.0,19.26246486877803,0.0,0.0,0.0,0.0,5.106527394840706,0.0,0.0,9.981574074074073,8.23324074074074,0.0,-0.6192129629629632,0.0,2.9043981481481476,0.0,0.0,0.8,7,1,2,1,0,1,0,0,0,1,1,2,1,1,0,1,1,0.8711,24.97679999999999
C1=CC=C(C=C1)C=O,10.006481481481481,0.7291666666666669,10.006481481481481,0.7291666666666669,0.4956362681365689,106.12399999999997,100.07599999999998,106.041864812,40,0,0.14954802883036308,-0.2978964116504968,0.2978964116504968,0.14954802883036308,1.125,1.75,2.125,2.9910469146846217,167.00151696675914,5.819990956308912,4.3723499056016175,4.3723499056016175,3.931851652578137,2.4350609975132884,2.4350609975132884,1.5285347327207177,1.5285347327207177,0.9356552548998028,0.9356552548998028,0.5316063389306863,0.5316063389306863,-1.11,91.36757727918736,5.035137880986937,2.262450086021194,0.936277398677246,47.95786733393734,0.0,6.286160523129555,0.0,0.0,0.0,0.0,4.794537184071822,0.0,0.0,0.0,30.33183534230805,0.0,5.563451491696996,0.0,4.794537184071822,6.286160523129555,0.0,0.0,0.0,0.0,0.0,35.89528683400505,0.0,0.0,0.0,0.0,0.0,0.0,6.286160523129555,0.0,0.0,10.357988675768818,30.33183534230805,0.0,0.0,0.0,17.07,0.0,4.794537184071822,0.0,0.0,0.0,11.849612014826551,0.0,12.13273413692322,18.19910120538483,0.0,0.0,0.0,0.0,10.006481481481481,0.0,0.7291666666666669,0.0,9.097685185185185,0.8333333333333333,0.0,0.0,0.0,8,0,1,0,0,0,1,0,1,1,0,1,1,0,0,0,1,1.4990999999999999,31.829499999999996
CC(C(C)O)O,8.37962962962963,-0.5925925925925928,8.37962962962963,0.5925925925925928,0.46574414882903137,90.12199999999999,80.04199999999999,90.06807956,38,0,0.07678369378081898,-0.39073832390870694,0.39073832390870694,0.07678369378081898,1.0,1.1666666666666667,1.1666666666666667,2.9934972434784735,26.52932501298081,5.1547005383792515,4.049127729379167,4.049127729379167,2.6427344100918364,2.0044316512069074,2.0044316512069074,1.481206843160961,1.481206843160961,0.698142396999972,0.698142396999972,0.0,0.0,-0.08,13.609640474436812,5.92,2.157216946676406,2.1751020408163266,37.4225448754114,10.213054789681411,0.0,0.0,0.0,0.0,0.0,0.0,0.0,0.0,0.0,0.0,13.847474399381248,0.0,12.207932775496605,10.213054789681411,0.0,0.0,0.0,0.0,26.055407174877853,0.0,0.0,0.0,0.0,0.0,0.0,0.0,0.0,22.420987565178017,0.0,0.0,13.847474399381248,0.0,0.0,0.0,0.0,40.46,12.207932775496605,0.0,0.0,0.0,0.0,0.0,0.0,13.847474399381248,0.0,0.0,10.213054789681411,0.0,0.0,0.0,16.75925925925926,0.0,0.0,0.0,-1.1851851851851856,3.0925925925925926,0.0,1.0,6,2,2,0,0,0,0,0,0,2,2,2,1,0,0,0,0,-0.252,23.361599999999996
C1=CC=C2C(=C1)C=CC(=O)O2,10.716763038548752,-0.3021296296296294,10.716763038548752,0.3021296296296294,0.5302216682110639,146.14499999999995,140.09699999999998,146.036779432,54,0,0.33569031616433825,-0.4227294736611369,0.4227294736611369,0.33569031616433825,1.0,1.8181818181818181,2.727272727272727,2.935350797972025,428.5108208761056,7.68179827587471,5.7805981960654815,5.7805981960654815,5.360173345306137,3.35040630740838,3.35040630740838,2.2922570838438427,2.2922570838438427,1.5285353991729589,1.5285353991729589,1.0113830342838965,1.0113830342838965,-1.5699999999999998,487.8529731213885,6.160248407637458,2.234974333040861,1.02612164813026,63.07940657528498,4.417150937053347,5.583020141642242,0.0,0.0,0.0,5.625586319077987,0.0,4.794537184071822,0.0,0.0,18.19910120538483,12.13273413692322,11.452591282926406,0.0,4.417150937053347,10.969244356107037,0.0,0.0,0.0,0.0,0.0,46.81832591391947,0.0,0.0,5.625586319077987,0.0,0.0,0.0,0.0,0.0,0.0,0.0,45.609890531894834,0.0,10.969244356107037,0.0,30.21,0.0,4.794537184071822,0.0,5.625586319077987,5.583020141642242,5.386224214464796,6.06636706846161,12.13273413692322,18.19910120538483,0.0,4.417150937053347,4.906064814814815,0.0,10.716763038548752,0.9510185185185187,0.33675925925925965,0.0,10.589394368858652,0.0,0.0,0.0,0.0,11,0,2,0,0,0,1,1,2,2,0,2,0,0,0,0,2,1.7929999999999997,42.484000000000016
CCCCCCCC(=O)O,10.031994126354245,-0.6699088246409672,10.031994126354245,0.33701814058956914,0.5811557038471341,144.214,128.08599999999998,144.115029752,60,0,0.30283955653217365,-0.481230389785217,0.481230389785217,0.30283955653217365,1.2,1.8,2.3,2.838589121813916,89.25838096618138,7.819990956308912,6.598102573083107,6.598102573083107,4.770055610029662,3.9883911147617317,3.9883911147617317,2.557952105596448,2.557952105596448,1.4941955573808654,1.4941955573808654,0.8797791157461863,0.8797791157461863,-0.53,142.19516056908168,9.47,6.588063754427392,7.470000000000003,62.24960168084558,5.106527394840706,0.0,0.0,0.0,0.0,5.969305287951849,4.794537184071822,0.0,0.0,0.0,32.60702369139466,6.4208216229260096,6.4208216229260096,0.0,9.901064578912528,5.969305287951849,0.0,0.0,0.0,45.448666937246685,0.0,0.0,0.0,0.0,0.0,0.0,0.0,0.0,11.075832682792555,4.794537184071822,0.0,45.448666937246685,0.0,0.0,0.0,0.0,37.3,5.969305287951849,4.794537184071822,0.0,0.0,6.4208216229260096,12.841643245852019,19.26246486877803,0.0,0.0,6.923737199690624,5.106527394840706,0.0,0.0,10.031994126354245,8.270004172965482,0.0,-0.6699088246409672,0.0,5.884581443688586,2.14999574829932,0.0,0.875,10,1,2,0,0,0,0,0,0,1,1,2,6,0,0,0,0,2.4314999999999998,41.0118
CCCCCCCC=O,9.8375496819098,0.7536848072562358,9.8375496819098,0.7536848072562358,0.3966101918122153,128.215,112.08699999999997,128.120115132,54,0,0.1194901986703158,-0.3034029081494581,0.3034029081494581,0.1194901986703158,1.1111111111111112,1.7777777777777777,2.3333333333333335,2.663883887398184,59.58797503894244,6.949747468305834,6.228239246772775,6.228239246772775,4.414213562373095,3.8510573320459267,3.8510573320459267,2.369555363634574,2.369555363634574,1.425528666022963,1.425528666022963,0.8312242912240133,0.8312242912240133,-0.33,103.68791599331826,8.67,7.669999999999999,7.670000000000001,57.45536792864957,4.794537184071822,6.286160523129555,0.0,0.0,0.0,0.0,0.0,0.0,0.0,0.0,32.60702369139466,6.4208216229260096,6.4208216229260096,0.0,4.794537184071822,6.286160523129555,0.0,0.0,0.0,45.448666937246685,0.0,0.0,0.0,0.0,0.0,0.0,0.0,0.0,6.286160523129555,4.794537184071822,0.0,45.448666937246685,0.0,0.0,0.0,0.0,17.07,0.0,4.794537184071822,0.0,0.0,0.0,19.127803768981575,25.683286491704038,0.0,0.0,6.923737199690624,0.0,0.0,0.0,9.8375496819098,0.0,0.0,0.0,0.0,7.96828018707483,2.194170131015369,0.0,0.875,9,0,1,0,0,0,0,0,0,1,0,1,6,0,0,0,0,2.5458000000000007,39.440000000000005
C1=CC=C(C=C1)C(=O)C2=CC=CC=C2,11.846296296296297,0.07518518518518547,11.846296296296297,0.07518518518518547,0.6524732866647586,182.222,172.14199999999997,182.07316494,68,0,0.1925196653354077,-0.2886159649049109,0.2886159649049109,0.1925196653354077,0.6428571428571429,1.0,1.3571428571428572,2.3486376045097153,376.003255415297,9.803118619434356,7.681750982360123,7.681750982360123,6.877010097711745,4.525491350277851,4.525491350277851,3.06117495280081,3.06117495280081,2.0719555316876086,2.0719555316876086,1.3457218019266357,1.3457218019266357,-1.8899999999999997,2580.4142437867595,8.696948085233146,3.8789693771624525,1.7163680610147731,83.01496154000138,0.0,0.0,5.783244946364939,0.0,0.0,0.0,4.794537184071822,0.0,0.0,0.0,60.6636706846161,0.0,11.126902983393991,0.0,4.794537184071822,5.783244946364939,0.0,0.0,0.0,0.0,0.0,71.7905736680101,0.0,0.0,0.0,0.0,0.0,0.0,5.783244946364939,0.0,0.0,15.921440167465814,60.6636706846161,0.0,0.0,0.0,17.07,0.0,4.794537184071822,0.0,5.783244946364939,0.0,11.126902983393991,0.0,0.0,60.6636706846161,0.0,0.0,0.0,0.0,11.846296296296297,0.0,1.4698148148148151,0.07518518518518547,18.608703703703704,0.0,0.0,0.0,0.0,14,0,1,0,0,0,2,0,2,1,0,1,2,0,0,0,2,2.917600000000001,56.31650000000003
COC1=C(C=C(C=C1)CC=C)OC,5.163907785336357,0.7595483749055179,5.163907785336357,0.7595483749055179,0.6591252605281698,178.23099999999997,164.11899999999997,178.099379688,70,0,0.16049803348676348,-0.49286997546186295,0.49286997546186295,0.16049803348676348,1.2307692307692308,1.9230769230769231,2.4615384615384617,2.975326756105489,292.141794956603,9.681798275874712,8.040111220059325,8.040111220059325,6.312391710140018,4.132828714625174,4.132828714625174,2.6821349682741378,2.6821349682741378,1.8279913416883486,1.8279913416883486,1.1742707144198108,1.1742707144198108,-1.4400000000000002,974.2940441923727,9.64650519031142,4.552573360705229,2.246236623067777,78.7936011183095,9.473725907600098,0.0,11.49902366656781,0.0,0.0,0.0,0.0,0.0,0.0,6.578935683598497,12.142387175295491,24.117007251546227,0.0,14.219595082555067,9.473725907600098,0.0,0.0,0.0,0.0,6.4208216229260096,14.219595082555067,36.417508487514205,0.0,11.49902366656781,9.473725907600098,0.0,11.49902366656781,0.0,14.219595082555067,6.4208216229260096,0.0,5.563451491696996,30.85405699581721,0.0,0.0,0.0,18.46,0.0,0.0,0.0,0.0,0.0,17.91984528949382,5.563451491696996,14.219595082555067,24.27512131221871,6.578935683598497,9.473725907600098,10.282425122826908,0.0,0.0,0.0,1.17375,1.52515022675737,5.862314814814814,2.7099244142101284,3.681979796548249,3.2644556248425296,0.2727272727272727,13,0,2,0,0,0,1,0,1,2,0,2,4,0,0,0,1,2.4323000000000006,53.44700000000003
CC1=CC=C(C=C1)C(C)C,2.212962962962963,0.6533333333333331,2.212962962962963,0.6533333333333331,0.5532584920101852,134.22199999999998,120.10999999999997,134.109550448,54,0,-0.021882053067443556,-0.0590419921968874,0.0590419921968874,0.021882053067443556,1.0,1.5,1.9,2.893762783606678,193.78322454351996,7.560477932315068,6.886751345948129,6.886751345948129,4.698377302757663,3.764742878019983,3.764742878019983,3.065384140902211,3.065384140902211,1.7440169358562931,1.7440169358562931,0.9513530918323416,0.9513530918323416,-0.78,180.91251467537336,7.328459869848157,2.8694839561664094,1.598288065805947,62.89117157708339,0.0,0.0,0.0,0.0,0.0,0.0,0.0,0.0,0.0,0.0,43.67639416492469,18.405094737549014,0.0,0.0,0.0,0.0,0.0,0.0,0.0,26.689117645233264,0.0,35.392371257240434,0.0,0.0,0.0,0.0,0.0,0.0,0.0,0.0,6.923737199690624,30.892283428936633,24.26546827384644,0.0,0.0,0.0,0.0,0.0,0.0,0.0,0.0,5.917906046161393,0.0,11.126902983393991,0.0,0.0,45.03667987291831,0.0,0.0,0.0,0.0,0.0,2.7592592592592595,0.6533333333333331,8.712962962962964,0.0,6.541111111111111,0.0,0.4,10,0,0,0,0,0,1,0,1,0,0,0,1,0,0,0,1,3.118420000000002,45.26800000000003
CCCCCCCC1CCC(=O)O1,10.76643372435445,-0.0013350077685392314,10.76643372435445,0.0013350077685392314,0.4682009755951634,184.27899999999997,164.11899999999997,184.14632988,76,0,0.3056979856420554,-0.46234512592245425,0.46234512592245425,0.3056979856420554,1.3076923076923077,2.076923076923077,2.6923076923076925,1.9095004791097159,154.16926858274718,9.518661569058182,8.550701099609734,8.550701099609734,6.325698502695488,5.521107303566926,5.521107303566926,3.8534318976167703,3.8534318976167703,2.598202321646391,2.598202321646391,1.7614074009698006,1.7614074009698006,-0.53,1178.47659388486,10.550192461908578,6.005092742461228,4.298161685836883,80.65790834781706,4.736862953800049,6.103966387748303,0.0,0.0,0.0,5.969305287951849,4.794537184071822,0.0,0.0,0.0,32.60702369139466,19.26246486877803,6.4208216229260096,0.0,9.53140013787187,5.969305287951849,0.0,0.0,0.0,64.39427657084701,0.0,0.0,0.0,0.0,0.0,0.0,0.0,0.0,12.073271675700152,9.53140013787187,0.0,58.29031018309871,0.0,0.0,0.0,0.0,26.3,0.0,4.794537184071822,0.0,12.073271675700152,6.4208216229260096,12.841643245852019,32.10410811463005,0.0,0.0,6.923737199690624,4.736862953800049,5.128918178382465,0.0,10.76643372435445,0.0,0.0,-0.0013350077685392314,0.0,9.385002572016461,2.2209805330151653,0.0,0.9090909090909091,13,0,2,0,1,1,0,0,0,2,0,2,6,0,1,1,1,3.052500000000002,52.490000000000045
CCCCCCCC(=O)OCC,10.853521904132023,-0.047223639455781896,10.853521904132023,0.047223639455781896,0.4357325104642842,172.26799999999997,152.10799999999998,172.14632988,72,0,0.30526742565897524,-0.4659692078794497,0.4659692078794497,0.30526742565897524,1.0833333333333333,1.75,2.3333333333333335,3.0296226214745263,110.40620687739316,9.234204518682008,8.26624404923356,8.26624404923356,5.808060412490447,4.964690378025045,4.964690378025045,2.9692347321934607,2.9692347321934607,1.789779436134093,1.789779436134093,1.1060473792542278,1.1060473792542278,-0.53,423.6427792848986,11.47,8.565510983763133,7.575596620908132,75.29879738694966,4.736862953800049,0.0,0.0,0.0,0.0,5.969305287951849,4.794537184071822,0.0,0.0,0.0,32.60702369139466,13.344558822616634,6.4208216229260096,6.606881964512918,9.53140013787187,5.969305287951849,0.0,0.0,0.0,52.372404136937305,6.606881964512918,0.0,0.0,0.0,0.0,0.0,0.0,0.0,12.576187252464766,9.53140013787187,0.0,52.372404136937305,0.0,0.0,0.0,0.0,26.3,0.0,4.794537184071822,0.0,5.969305287951849,13.027703587438928,12.841643245852019,19.26246486877803,0.0,6.923737199690624,6.923737199690624,4.736862953800049,4.80947373393802,0.0,10.853521904132023,0.0,0.0,-0.047223639455781896,0.0,6.515058264046359,4.535836404006046,0.0,0.9,12,0,2,0,0,0,0,0,0,2,0,2,7,0,0,0,0,2.910000000000001,50.009000000000036
C1CCNCC1,3.2847222222222223,1.25,3.2847222222222223,1.25,0.4576362279207808,85.15,74.062,85.08914935199999,36,0,-0.004891140011689818,-0.3167325809905548,0.3167325809905548,0.004891140011689818,0.8333333333333334,1.5,1.6666666666666667,2.0,19.40990953421706,4.242640687119286,4.035533905932738,4.035533905932738,3.0,2.707106781186547,2.707106781186547,1.810660171779821,1.810660171779821,1.2071067811865472,1.2071067811865472,0.8017766952966366,0.8017766952966366,-0.04,34.3994618804395,4.127785234899329,2.189674338993739,0.9767560019818928,38.743050515494794,5.316788604006331,0.0,0.0,0.0,0.0,0.0,0.0,0.0,0.0,0.0,6.4208216229260096,25.93115605767717,0.0,0.0,0.0,0.0,0.0,5.316788604006331,0.0,19.26246486877803,13.08951281182515,0.0,0.0,0.0,5.316788604006331,0.0,0.0,0.0,13.08951281182515,0.0,0.0,19.26246486877803,0.0,0.0,0.0,0.0,12.03,0.0,0.0,0.0,0.0,0.0,0.0,32.351977680603184,0.0,0.0,5.316788604006331,0.0,0.0,0.0,0.0,3.2847222222222223,0.0,0.0,0.0,4.215277777777778,2.5,0.0,1.0,6,1,1,0,1,1,0,0,0,1,1,1,0,0,1,1,1,0.7599,26.72069999999999
CCCCCCC(=O)O,9.962453231292518,-0.6749045729402872,9.962453231292518,0.33333333333333326,0.5780646905302889,130.187,116.07499999999997,130.099379688,54,0,0.30283955652668276,-0.481230389785224,0.481230389785224,0.30283955652668276,1.3333333333333333,2.0,2.4444444444444446,2.8288681349096856,78.98533616859814,7.112884175122364,5.890995791896559,5.890995791896559,4.270055610029662,3.4883911147617317,3.4883911147617317,2.2043987150031743,2.2043987150031743,1.2441955573808654,1.2441955573808654,0.7030024204495495,0.7030024204495495,-0.53,84.62711413110172,8.470000000000002,5.603868808567606,7.470000000000003,55.884659566448974,5.106527394840706,0.0,0.0,0.0,0.0,5.969305287951849,4.794537184071822,0.0,0.0,0.0,26.186202068468653,6.4208216229260096,6.4208216229260096,0.0,9.901064578912528,5.969305287951849,0.0,0.0,0.0,39.02784531432067,0.0,0.0,0.0,0.0,0.0,0.0,0.0,0.0,11.075832682792555,4.794537184071822,0.0,39.02784531432067,0.0,0.0,0.0,0.0,37.3,5.969305287951849,4.794537184071822,0.0,0.0,6.4208216229260096,19.26246486877803,6.4208216229260096,0.0,0.0,6.923737199690624,5.106527394840706,0.0,0.0,9.962453231292518,8.2128089569161,0.0,-0.6749045729402872,0.0,4.554436885865457,2.11187216553288,0.0,0.8571428571428571,9,1,2,0,0,0,0,0,0,1,1,2,5,0,0,0,0,2.0414,36.39479999999999
CCCCCCN,5.269288548752835,0.8611111111111112,5.269288548752835,0.8611111111111112,0.5337740881212314,101.19300000000001,86.073,101.12044947999999,44,0,-0.007727548087909907,-0.33047350396881303,0.33047350396881303,0.007727548087909907,1.1428571428571428,1.8571428571428572,2.2857142857142856,2.447472887876344,23.360990398949916,5.535533905932738,5.112884175122364,5.112884175122364,3.414213562373095,3.1153550716504106,3.1153550716504106,1.8493353063746338,1.8493353063746338,1.057677535825205,1.057677535825205,0.5711142625940432,0.5711142625940432,-0.04,35.509609925153406,6.96,5.959999999999999,5.960000000000001,45.9038522968253,5.733667477162185,0.0,0.0,0.0,0.0,0.0,0.0,0.0,0.0,0.0,26.186202068468653,12.965578028838586,0.0,0.0,0.0,0.0,0.0,0.0,5.733667477162185,32.60702369139466,6.544756405912575,0.0,0.0,0.0,5.733667477162185,0.0,0.0,0.0,6.544756405912575,0.0,0.0,32.60702369139466,0.0,0.0,0.0,0.0,26.02,0.0,0.0,0.0,0.0,0.0,6.544756405912575,25.683286491704038,0.0,0.0,6.923737199690624,5.733667477162185,0.0,0.0,0.0,0.0,5.269288548752835,0.0,0.0,5.164722222222222,3.0659892290249435,0.0,1.0,7,2,1,0,0,0,0,0,0,1,1,1,4,0,0,0,0,1.5253999999999999,33.19639999999998
CCCCCCO,8.292882653061223,0.36111111111111116,8.292882653061223,0.36111111111111116,0.5339278817039772,102.17699999999999,88.06499999999998,102.104465068,44,0,0.04305240583871402,-0.396376569347818,0.396376569347818,0.04305240583871402,1.1428571428571428,1.8571428571428572,2.2857142857142856,2.447472887876344,23.360990398949916,5.535533905932738,4.982747501432696,4.982747501432696,3.414213562373095,3.0233345472033855,3.0233345472033855,1.7842669695298,1.7842669695298,1.0116672736016925,1.0116672736016925,0.5385800941716262,0.5385800941716262,-0.04,35.509609925153406,6.96,5.959999999999999,5.960000000000001,45.35819535200859,5.106527394840706,0.0,0.0,0.0,0.0,0.0,0.0,0.0,0.0,0.0,26.186202068468653,6.4208216229260096,6.606881964512918,0.0,5.106527394840706,0.0,0.0,0.0,0.0,32.60702369139466,6.606881964512918,0.0,0.0,0.0,0.0,0.0,0.0,0.0,11.713409359353623,0.0,0.0,32.60702369139466,0.0,0.0,0.0,0.0,20.23,0.0,0.0,0.0,0.0,6.606881964512918,6.4208216229260096,19.26246486877803,0.0,0.0,6.923737199690624,5.106527394840706,0.0,0.0,0.0,8.292882653061223,0.0,0.0,0.0,4.6819444444444445,2.5251729024943312,0.0,1.0,7,1,1,0,0,0,0,0,0,1,1,1,4,0,0,0,0,1.559,31.22779999999998
CCCCCCCCS,4.145649364169536,1.0616319444444444,4.145649364169536,1.0616319444444444,0.43129549365773256,146.299,128.15499999999997,146.112921576,56,0,-0.009791409473982934,-0.17936390057447493,0.17936390057447493,0.009791409473982934,0.8888888888888888,1.4444444444444444,2.0,2.595082706793886,37.832293921787276,6.949747468305834,6.396961063805792,7.291388254805708,4.414213562373095,4.023334547203385,4.655790079237061,2.491373750716347,2.9385873462163055,1.5116672736016925,1.8278950396185303,0.8921334847648997,1.1157402825148786,0.35,103.68791599331826,9.35,8.35,8.35,64.44891249200754,0.0,0.0,0.0,0.0,0.0,0.0,0.0,0.0,12.628789148012991,0.0,39.02784531432067,12.1736752296728,0.0,0.0,0.0,12.628789148012991,0.0,0.0,0.0,45.448666937246685,5.752853606746789,0.0,0.0,0.0,0.0,0.0,0.0,12.628789148012991,5.752853606746789,0.0,0.0,45.448666937246685,0.0,0.0,0.0,0.0,0.0,0.0,0.0,0.0,0.0,0.0,5.752853606746789,38.524929737556064,0.0,0.0,19.552526347703616,0.0,0.0,4.145649364169536,0.0,0.0,0.0,1.0616319444444444,0.0,8.266319050768455,2.2486218628397863,0.0,1.0,9,0,0,0,0,0,0,0,0,1,1,1,6,0,0,0,0,3.276700000000003,47.22900000000003
CCCCCCCCC(=O)O,10.088166965860419,-0.6662115509784157,10.088166965860419,0.3394097222222221,0.5783198770575686,158.241,140.09699999999998,158.130679816,66,0,0.3028395565321837,-0.481230389785217,0.481230389785217,0.3028395565321837,1.0909090909090908,1.6363636363636365,2.1818181818181817,2.849761282233442,99.73585546369786,8.52709773749546,7.305209354269655,7.305209354269655,5.270055610029662,4.488391114761732,4.488391114761732,2.9115054961897218,2.9115054961897218,1.7441955573808654,1.7441955573808654,1.056555811042823,1.056555811042823,-0.53,240.89588338167468,10.47,7.575596620908132,9.470000000000002,68.6145437952422,5.106527394840706,0.0,0.0,0.0,0.0,5.969305287951849,4.794537184071822,0.0,0.0,0.0,39.02784531432067,6.4208216229260096,6.4208216229260096,0.0,9.901064578912528,5.969305287951849,0.0,0.0,0.0,51.8694885601727,0.0,0.0,0.0,0.0,0.0,0.0,0.0,0.0,11.075832682792555,4.794537184071822,0.0,51.8694885601727,0.0,0.0,0.0,0.0,37.3,5.969305287951849,4.794537184071822,0.0,0.0,6.4208216229260096,12.841643245852019,25.683286491704038,0.0,0.0,6.923737199690624,5.106527394840706,0.0,0.0,10.088166965860419,8.316177012471655,0.0,-0.6662115509784157,0.0,7.250707986898463,2.177826252414546,0.0,0.8888888888888888,11,1,2,0,0,0,0,0,0,1,1,2,7,0,0,0,0,2.821600000000001,45.62880000000001
CC(=O)OCC1=CC=CC=C1,10.39484552154195,-0.24180272108843526,10.39484552154195,0.24180272108843526,0.6001729288122303,150.177,140.09699999999998,150.06807956,58,0,0.30246072005009045,-0.46100343395037224,0.46100343395037224,0.30246072005009045,1.3636363636363635,2.0,2.5454545454545454,2.453018743531937,228.57786591623355,8.104448006685086,6.410354708062404,6.410354708062404,5.287693700234704,3.4611604181749094,3.4611604181749094,2.265855318045499,2.265855318045499,1.2849232447891443,1.2849232447891443,0.7592005155721044,0.7592005155721044,-1.31,349.0290980341817,7.793199174406604,3.7604813030666033,2.8460530411741587,65.80129679223744,4.736862953800049,6.606881964512918,0.0,0.0,0.0,5.969305287951849,4.794537184071822,0.0,0.0,0.0,30.33183534230805,5.563451491696996,6.923737199690624,0.0,9.53140013787187,5.969305287951849,0.0,0.0,0.0,13.530619164203543,0.0,35.89528683400505,0.0,0.0,0.0,0.0,0.0,0.0,5.969305287951849,16.13828210238479,0.0,12.487188691387619,30.33183534230805,0.0,0.0,0.0,26.3,0.0,4.794537184071822,0.0,5.969305287951849,6.606881964512918,5.563451491696996,6.923737199690624,0.0,30.33183534230805,0.0,4.736862953800049,4.788981481481482,0.0,10.39484552154195,0.0,1.016388888888889,-0.24180272108843526,9.5980220143613,0.0,1.7768981481481478,0.0,0.2222222222222222,11,0,2,0,0,0,1,0,1,2,0,2,2,0,0,0,1,1.7496999999999998,41.91200000000003
CCCCCCOC(=O)C,10.254216348576467,-0.16990882464096724,10.254216348576467,0.16990882464096724,0.4361738106721368,144.214,128.08599999999998,144.115029752,60,0,0.30212286792609416,-0.4658776866736629,0.4658776866736629,0.30212286792609416,1.3,2.0,2.5,2.838589121813916,89.25838096618138,7.819990956308912,6.852030486860464,6.852030486860464,4.770055610029662,3.9040302062452237,3.9040302062452237,2.4007035081063552,2.4007035081063552,1.303216162902931,1.303216162902931,0.7447362908439382,0.7447362908439382,-0.53,142.19516056908168,9.47,6.588063754427392,7.470000000000003,62.568913158156434,4.736862953800049,0.0,0.0,0.0,0.0,5.969305287951849,4.794537184071822,0.0,0.0,0.0,26.186202068468653,6.4208216229260096,6.923737199690624,6.606881964512918,9.53140013787187,5.969305287951849,0.0,0.0,0.0,39.53076089108528,6.606881964512918,0.0,0.0,0.0,0.0,0.0,0.0,0.0,12.576187252464766,9.53140013787187,0.0,39.53076089108528,0.0,0.0,0.0,0.0,26.3,0.0,4.794537184071822,0.0,5.969305287951849,6.606881964512918,6.4208216229260096,26.186202068468653,0.0,0.0,6.923737199690624,4.736862953800049,4.749501133786849,0.0,10.254216348576467,0.0,0.0,-0.16990882464096724,0.0,4.637436696900983,4.195421312043336,0.0,0.875,10,0,2,0,0,0,0,0,0,2,0,2,5,0,0,0,0,2.1298000000000004,40.775000000000006
CCCCCOC(=O)CC,10.552731009070294,-0.08694160997732392,10.552731009070294,0.08694160997732392,0.4361738106721368,144.21399999999997,128.08599999999998,144.115029752,60,0,0.30499640966445174,-0.465682528839917,0.465682528839917,0.30499640966445174,1.3,2.0,2.5,2.9617756061821483,89.25838096618138,7.819990956308912,6.852030486860464,6.852030486860464,4.808060412490447,3.9646903780250446,3.9646903780250446,2.281130352237305,2.281130352237305,1.2996158028163036,1.2996158028163036,0.6401283791960045,0.6401283791960045,-0.53,160.01692703161314,9.47,6.588063754427392,5.603868808567606,62.568913158156434,4.736862953800049,0.0,0.0,0.0,0.0,5.969305287951849,4.794537184071822,0.0,0.0,0.0,26.689117645233267,6.4208216229260096,6.4208216229260096,6.606881964512918,9.53140013787187,5.969305287951849,0.0,0.0,0.0,39.53076089108528,6.606881964512918,0.0,0.0,0.0,0.0,0.0,0.0,0.0,12.576187252464766,9.53140013787187,0.0,39.53076089108528,0.0,0.0,0.0,0.0,26.3,0.0,4.794537184071822,0.0,5.969305287951849,13.027703587438928,12.841643245852019,6.4208216229260096,0.0,6.923737199690624,6.923737199690624,4.736862953800049,4.854305555555555,0.0,10.552731009070294,0.0,0.0,-0.08694160997732392,0.0,3.814518613000756,4.532053099017385,0.0,0.875,10,0,2,0,0,0,0,0,0,2,0,2,5,0,0,0,0,2.1298000000000004,40.775000000000006
C=CCOC(=O)CC1=CC=CC=C1,11.101346371882087,-0.2165740740740738,11.101346371882087,0.2165740740740738,0.5174817890072418,176.215,164.11899999999997,176.083729624,68,0,0.3100689171711918,-0.46120986388092905,0.46120986388092905,0.3100689171711918,1.3846153846153846,2.076923076923077,2.6923076923076925,2.407874672610982,277.4015699609299,9.518661569058182,7.401918539625125,7.401918539625125,6.325698502695489,4.13121038969591,4.13121038969591,2.634063091437159,2.634063091437159,1.5534584758527632,1.5534584758527632,0.9654312254178449,0.9654312254178449,-1.5699999999999998,1003.4155326608467,9.517489063867016,5.142279384736165,3.5596458780866262,77.84157798884641,4.736862953800049,6.606881964512918,0.0,0.0,0.0,5.969305287951849,4.794537184071822,0.0,0.0,0.0,42.98679113274043,5.563451491696996,0.0,6.4208216229260096,9.53140013787187,5.969305287951849,0.0,0.0,0.0,6.4208216229260096,6.606881964512918,48.55024262443742,0.0,0.0,0.0,0.0,0.0,0.0,12.576187252464766,15.95222176079788,0.0,5.563451491696996,42.98679113274043,0.0,0.0,0.0,26.3,0.0,4.794537184071822,0.0,12.576187252464766,6.4208216229260096,5.563451491696996,0.0,6.076020106833881,30.33183534230805,6.578935683598497,4.736862953800049,4.838112244897959,0.0,11.101346371882087,0.0,0.9690391156462588,-0.2165740740740738,9.50907068846057,1.8864814814814812,3.7458575050390532,0.0,0.18181818181818182,13,0,2,0,0,0,1,0,1,2,0,2,4,0,0,0,1,1.9583,51.302000000000035
CCCCCCOC(=O)C,10.254216348576467,-0.16990882464096724,10.254216348576467,0.16990882464096724,0.4361738106721368,144.214,128.08599999999998,144.115029752,60,0,0.30212286792609416,-0.4658776866736629,0.4658776866736629,0.30212286792609416,1.3,2.0,2.5,2.838589121813916,89.25838096618138,7.819990956308912,6.852030486860464,6.852030486860464,4.770055610029662,3.9040302062452237,3.9040302062452237,2.4007035081063552,2.4007035081063552,1.303216162902931,1.303216162902931,0.7447362908439382,0.7447362908439382,-0.53,142.19516056908168,9.47,6.588063754427392,7.470000000000003,62.568913158156434,4.736862953800049,0.0,0.0,0.0,0.0,5.969305287951849,4.794537184071822,0.0,0.0,0.0,26.186202068468653,6.4208216229260096,6.923737199690624,6.606881964512918,9.53140013787187,5.969305287951849,0.0,0.0,0.0,39.53076089108528,6.606881964512918,0.0,0.0,0.0,0.0,0.0,0.0,0.0,12.576187252464766,9.53140013787187,0.0,39.53076089108528,0.0,0.0,0.0,0.0,26.3,0.0,4.794537184071822,0.0,5.969305287951849,6.606881964512918,6.4208216229260096,26.186202068468653,0.0,0.0,6.923737199690624,4.736862953800049,4.749501133786849,0.0,10.254216348576467,0.0,0.0,-0.16990882464096724,0.0,4.637436696900983,4.195421312043336,0.0,0.875,10,0,2,0,0,0,0,0,0,2,0,2,5,0,0,0,0,2.1298000000000004,40.775000000000006
CCCCCCCCC=O,9.893722521415974,0.7560763888888888,9.893722521415974,0.7560763888888888,0.3943168373689603,142.242,124.09799999999997,142.135765196,60,0,0.11949019867032569,-0.3034029081494581,0.3034029081494581,0.11949019867032569,1.0,1.6,2.2,2.703789901245323,69.12851783364005,7.6568542494923815,6.935346027959323,6.935346027959323,4.914213562373096,4.351057332045926,4.351057332045926,2.7231087542278476,2.7231087542278476,1.675528666022963,1.675528666022963,1.00800098652065,1.00800098652065,-0.33,175.07674799821407,9.67,8.67,7.669999999999999,63.820310043046184,4.794537184071822,6.286160523129555,0.0,0.0,0.0,0.0,0.0,0.0,0.0,0.0,39.02784531432067,6.4208216229260096,6.4208216229260096,0.0,4.794537184071822,6.286160523129555,0.0,0.0,0.0,51.8694885601727,0.0,0.0,0.0,0.0,0.0,0.0,0.0,0.0,6.286160523129555,4.794537184071822,0.0,51.8694885601727,0.0,0.0,0.0,0.0,17.07,0.0,4.794537184071822,0.0,0.0,0.0,19.127803768981575,32.10410811463005,0.0,0.0,6.923737199690624,0.0,0.0,0.0,9.893722521415974,0.0,0.0,0.0,0.0,9.39256645250693,2.2137110260770974,0.0,0.8888888888888888,10,0,1,0,0,0,0,0,0,1,0,1,7,0,0,0,0,2.935900000000001,44.057000000000016
CCCCCC(=O)C=C,10.568568594104308,0.16986111111111146,10.568568594104308,0.16986111111111146,0.40786233643677366,126.19899999999998,112.08699999999997,126.104465068,52,0,0.15459885800421178,-0.2948886433585109,0.2948886433585109,0.15459885800421178,1.5555555555555556,2.2222222222222223,2.6666666666666665,3.0655033793880806,94.74075768464921,7.112884175122364,6.021132465586227,6.021132465586227,4.308060412490447,3.4617077420704288,3.4617077420704288,2.1275437691455745,2.1275437691455745,1.2544006264340226,1.2544006264340226,0.6512929288806346,0.6512929288806346,-0.5900000000000001,94.26737928973323,8.41,5.544952766531714,5.278331706747209,56.765764896465306,0.0,0.0,5.783244946364939,0.0,0.0,0.0,4.794537184071822,0.0,0.0,0.0,26.34431612914114,12.49684172975989,6.4208216229260096,0.0,4.794537184071822,5.783244946364939,0.0,0.0,0.0,32.60702369139466,0.0,12.654955790432378,0.0,0.0,0.0,0.0,0.0,0.0,5.783244946364939,4.794537184071822,0.0,32.60702369139466,12.654955790432378,0.0,0.0,0.0,17.07,0.0,4.794537184071822,0.0,5.783244946364939,6.4208216229260096,12.841643245852019,12.49684172975989,0.0,0.0,13.502672883289122,0.0,0.0,0.0,10.568568594104308,0.0,0.0,0.16986111111111146,0.0,5.415035903250188,5.513201058201058,0.0,0.625,9,0,1,0,0,0,0,0,0,1,0,1,5,0,0,0,0,2.3218000000000005,39.346
CC1=CC[C@H](CC1=O)C(=C)C,11.199537037037038,0.2817129629629631,11.199537037037038,0.2817129629629631,0.5247132375688095,150.22099999999998,136.10899999999998,150.104465068,60,0,0.15836923542949272,-0.2945568590881993,0.2945568590881993,0.15836923542949272,1.7272727272727273,2.3636363636363638,2.8181818181818183,2.6982942003127257,223.02727634487286,8.430721420318147,7.184269172402757,7.184269172402757,5.109060905280622,3.963326066999694,3.963326066999694,3.293415683440302,3.293415683440302,2.2771000214588746,2.2771000214588746,1.2763993866103893,1.2763993866103893,-0.8500000000000001,271.8125711057006,8.248522167487685,3.0354524341669897,1.7934452549147415,67.80021493954504,0.0,0.0,5.783244946364939,0.0,0.0,0.0,4.794537184071822,0.0,0.0,0.0,18.228060320501648,31.759306598537915,6.4208216229260096,0.0,4.794537184071822,5.783244946364939,0.0,0.0,5.917906046161393,26.689117645233267,0.0,23.801164850570917,0.0,0.0,0.0,0.0,0.0,0.0,5.783244946364939,4.794537184071822,5.917906046161393,26.689117645233267,23.801164850570917,0.0,0.0,0.0,17.07,0.0,4.794537184071822,0.0,5.783244946364939,12.338727669087403,17.567030683064544,0.0,0.0,19.92349450621513,6.578935683598497,0.0,0.0,0.0,11.199537037037038,0.0,2.0459259259259266,0.6763425925925924,0.0,3.6763425925925928,7.735185185185185,0.0,0.5,11,0,1,1,0,1,0,0,0,1,0,1,1,0,0,0,1,2.4879000000000007,46.30200000000003
CC(=CCC/C(=C/CO)/C)C,8.5533841962711,0.16731623204837498,8.5533841962711,0.16731623204837498,0.6171312932317708,154.253,136.10899999999998,154.135765196,64,0,0.06144351054774095,-0.39229736991721587,0.39229736991721587,0.06144351054774095,1.1818181818181819,1.8181818181818181,2.272727272727273,3.54438743137085,150.25571236699292,8.69023444431199,7.723234477438853,7.723234477438853,5.163902460147014,4.0636280067274635,4.0636280067274635,3.0532005505033757,3.0532005505033757,1.5310097978029482,1.5310097978029482,0.8464137068445395,0.8464137068445395,-0.56,203.69506175903632,10.44,6.1695841223704875,7.335554906673255,69.43875774522651,5.106527394840706,0.0,0.0,0.0,0.0,0.0,0.0,0.0,0.0,0.0,23.2982492738063,33.61285484492389,0.0,6.606881964512918,5.106527394840706,0.0,0.0,0.0,0.0,33.61285484492389,6.606881964512918,23.2982492738063,0.0,0.0,0.0,0.0,0.0,0.0,11.713409359353623,0.0,0.0,33.61285484492389,23.2982492738063,0.0,0.0,0.0,20.23,0.0,0.0,0.0,6.606881964512918,0.0,12.841643245852019,11.146209060138535,0.0,6.076020106833881,26.847231705905752,5.106527394840706,0.0,0.0,0.0,8.5533841962711,2.6312948790627364,0.0,0.0,6.2261451247165525,6.422509133282944,0.0,0.6,11,1,1,0,0,0,0,0,0,1,1,1,4,0,0,0,0,2.671400000000001,49.50780000000003
CCC/C=C/C=O,9.592874149659863,0.80125,9.592874149659863,0.80125,0.3862877991333781,98.14499999999998,88.06499999999998,98.07316494,40,0,0.14201803733976104,-0.29857631082421043,0.29857631082421043,0.14201803733976104,1.5714285714285714,2.2857142857142856,2.7142857142857144,2.921195900565516,64.58027134782355,5.535533905932738,4.554512660405836,4.554512660405836,3.414213562373095,2.5177239987125937,2.5177239987125937,1.3529102482081583,1.3529102482081583,0.6699919848812727,0.6699919848812727,0.3184472670871599,0.3184472670871599,-0.5900000000000001,35.509609925153406,6.41,5.41,5.409999999999999,44.035880667672096,0.0,6.286160523129555,0.0,0.0,0.0,0.0,4.794537184071822,0.0,0.0,0.0,19.420578929450514,12.49684172975989,0.0,0.0,4.794537184071822,6.286160523129555,0.0,0.0,0.0,19.765380445542643,0.0,12.152040213667762,0.0,0.0,0.0,0.0,0.0,0.0,6.286160523129555,4.794537184071822,0.0,19.765380445542643,12.152040213667762,0.0,0.0,0.0,17.07,0.0,4.794537184071822,0.0,0.0,0.0,19.127803768981575,6.076020106833881,0.0,6.076020106833881,6.923737199690624,0.0,0.0,0.0,9.592874149659863,0.0,0.0,0.0,0.0,6.328611111111112,2.078514739229025,0.0,0.5,7,0,1,0,0,0,0,0,0,1,0,1,3,0,0,0,0,1.5416,30.111999999999988
COC1=CC=CC=C1O,8.98550925925926,0.1805555555555558,8.98550925925926,0.1805555555555558,0.6127725486570803,124.13899999999997,116.07499999999997,124.052429496,48,0,0.159973721120165,-0.5042548357902157,0.5042548357902157,0.159973721120165,1.3333333333333333,2.0,2.4444444444444446,3.0065240073265844,195.86256853719752,6.69023444431199,5.164862962722324,5.164862962722324,4.342535255101096,2.6633295026354,2.6633295026354,1.6718488391821222,1.6718488391821222,1.0851702186431136,1.0851702186431136,0.6297770429967046,0.6297770429967046,-1.1800000000000002,130.65102508867633,5.947877237851663,2.3955617406597787,1.1340794947334671,53.704124215596465,9.843390348640755,0.0,11.49902366656781,0.0,0.0,0.0,0.0,0.0,0.0,0.0,12.13273413692322,12.13273413692322,0.0,7.109797541277533,9.843390348640755,0.0,0.0,0.0,0.0,0.0,7.109797541277533,24.26546827384644,0.0,11.49902366656781,4.736862953800049,0.0,11.49902366656781,0.0,12.216324936118239,0.0,0.0,0.0,24.26546827384644,0.0,0.0,0.0,29.46,0.0,0.0,0.0,5.749511833283905,5.749511833283905,0.0,7.109797541277533,24.26546827384644,0.0,0.0,9.843390348640755,4.794953703703704,0.0,0.0,8.98550925925926,0.0,0.69212962962963,6.837870370370371,0.0,0.0,1.5228703703703703,0.14285714285714285,9,1,2,0,0,0,1,0,1,2,1,2,1,0,0,0,1,1.4008,34.6588
CCCCCCCO,8.365586734693878,0.36479591836734704,8.365586734693878,0.36479591836734704,0.5441914935658748,116.204,100.07599999999998,116.120115132,50,0,0.04305240722358137,-0.39637656934229265,0.39637656934229265,0.04305240722358137,1.0,1.625,2.125,2.53006045688352,29.368065554250645,6.242640687119286,5.689854282619244,5.689854282619244,3.914213562373095,3.5233345472033855,3.5233345472033855,2.1378203601230736,2.1378203601230736,1.2616672736016925,1.2616672736016925,0.715356789468263,0.715356789468263,-0.04,61.499612265106904,7.96,6.96,5.959999999999999,51.723137466405205,5.106527394840706,0.0,0.0,0.0,0.0,0.0,0.0,0.0,0.0,0.0,32.60702369139466,6.4208216229260096,6.606881964512918,0.0,5.106527394840706,0.0,0.0,0.0,0.0,39.02784531432067,6.606881964512918,0.0,0.0,0.0,0.0,0.0,0.0,0.0,11.713409359353623,0.0,0.0,39.02784531432067,0.0,0.0,0.0,0.0,20.23,0.0,0.0,0.0,0.0,6.606881964512918,6.4208216229260096,25.683286491704038,0.0,0.0,6.923737199690624,5.106527394840706,0.0,0.0,0.0,8.365586734693878,0.0,0.0,0.0,6.076218820861678,2.5581944444444447,0.0,1.0,8,1,1,0,0,0,0,0,0,1,1,1,5,0,0,0,0,1.9491,35.84479999999999
CCCCCCC=O,9.768008786848073,0.75,9.768008786848073,0.75,0.3951230978044112,114.18799999999999,100.07599999999998,114.104465068,48,0,0.11949019866492745,-0.30340290814946846,0.30340290814946846,0.11949019866492745,1.25,2.0,2.5,2.616293090417985,50.34851554559677,6.242640687119286,5.521132465586227,5.521132465586227,3.914213562373095,3.3510573320459267,3.3510573320459267,2.0160019730413006,2.0160019730413006,1.175528666022963,1.175528666022963,0.6544475959273766,0.6544475959273766,-0.33,61.499612265106904,7.669999999999999,6.670000000000001,5.670000000000001,51.09042581425296,4.794537184071822,6.286160523129555,0.0,0.0,0.0,0.0,0.0,0.0,0.0,0.0,26.186202068468653,6.4208216229260096,6.4208216229260096,0.0,4.794537184071822,6.286160523129555,0.0,0.0,0.0,39.02784531432067,0.0,0.0,0.0,0.0,0.0,0.0,0.0,0.0,6.286160523129555,4.794537184071822,0.0,39.02784531432067,0.0,0.0,0.0,0.0,17.07,0.0,4.794537184071822,0.0,0.0,0.0,19.127803768981575,19.26246486877803,0.0,0.0,6.923737199690624,0.0,0.0,0.0,9.768008786848073,0.0,0.0,0.0,0.0,6.564421768707483,2.167569444444444,0.0,0.8571428571428571,8,0,1,0,0,0,0,0,0,1,0,1,5,0,0,0,0,2.1557000000000004,34.822999999999986
COC(=O)C1=CC=CC=C1O,10.852037037037038,-0.5249074074074074,10.852037037037038,0.056157407407407156,0.6143884490200855,152.14899999999997,144.08499999999998,152.047344116,58,0,0.3411321188257538,-0.5070528008609642,0.5070528008609642,0.3411321188257538,1.4545454545454546,2.090909090909091,2.6363636363636362,3.0326621558006566,267.7946100817276,8.267584713501616,6.073111253186188,6.073111253186188,5.253218857624055,3.1174536478673316,3.1174536478673316,2.00873068223107,2.00873068223107,1.309358947710324,1.309358947710324,0.7562084325647941,0.7562084325647941,-1.51,338.8835334198964,7.595374077976819,3.0531381005525,1.490370509139573,64.23058843003683,9.843390348640755,11.3129633249809,0.0,0.0,0.0,5.969305287951849,0.0,4.794537184071822,0.0,0.0,12.13273413692322,12.13273413692322,0.0,7.109797541277533,14.637927532712576,5.969305287951849,0.0,0.0,0.0,0.0,7.109797541277533,29.828919765543436,0.0,5.749511833283905,0.0,0.0,5.749511833283905,0.0,18.18563022407009,4.736862953800049,0.0,10.357988675768818,24.26546827384644,0.0,0.0,0.0,46.53,5.969305287951849,4.794537184071822,0.0,11.3129633249809,0.0,0.0,19.242531678200752,12.13273413692322,0.0,4.736862953800049,5.106527394840706,4.4181481481481475,0.0,10.852037037037038,9.111203703703703,0.1898148148148151,-0.5810648148148145,6.237268518518519,0.0,0.0,1.2725925925925925,0.125,11,1,3,0,0,0,1,0,1,3,1,3,1,0,0,0,1,1.1787999999999998,39.446300000000015
C[C@H]1CC[C@@H]([C@H](C1)O)C(C)C,9.70976851851852,-0.028935185185185563,9.70976851851852,0.028935185185185563,0.6179494584335713,156.26899999999998,136.10899999999998,156.15141526,66,0,0.05729302557713654,-0.39282090888948124,0.39282090888948124,0.05729302557713654,1.2727272727272727,1.9090909090909092,2.3636363636363638,2.437159260034696,120.0411847243922,8.430721420318147,7.877935015818105,7.877935015818105,5.109060905280623,4.789909525838158,4.789909525838158,4.393443436215438,4.393443436215438,2.9871899080425646,2.9871899080425646,2.151882327652432,2.151882327652432,-0.04,252.1073814437375,9.05124087591241,3.5728285052475055,2.193985626557494,69.8121326560658,5.106527394840706,0.0,0.0,0.0,0.0,0.0,0.0,0.0,0.0,0.0,27.19203322199788,30.5953613843362,0.0,6.103966387748303,5.106527394840706,0.0,0.0,0.0,17.75371813848418,46.1376428555982,0.0,0.0,0.0,0.0,0.0,0.0,0.0,0.0,11.210493782589008,0.0,17.75371813848418,40.0336764678499,0.0,0.0,0.0,0.0,20.23,0.0,5.106527394840706,0.0,6.103966387748303,11.835812092322787,12.338727669087403,12.841643245852019,0.0,0.0,20.771211599071872,0.0,0.0,0.0,0.0,9.70976851851852,0.0,1.94787037037037,0.0,3.515462962962963,6.660231481481482,0.0,1.0,11,1,1,1,0,1,0,0,0,1,1,1,1,1,0,1,1,2.4395000000000007,47.34980000000002
CC1=C(C=C(C=C1)[N+](=O)[O-])[N+](=O)[O-],10.379537037037037,-0.660277777777778,10.379537037037037,0.22759259259259235,0.5150434173626992,182.135,176.087,182.032756672,68,0,0.278670384106092,-0.25830597628015206,0.278670384106092,0.25830597628015206,1.1538461538461537,1.7692307692307692,2.230769230769231,3.267052212361692,374.7553335743196,10.008071689507773,6.759471160424247,6.759471160424247,6.019744507803582,3.4155442105527656,3.4155442105527656,2.485009140152861,2.485009140152861,1.6002344201807663,1.6002344201807663,0.908044495703274,0.908044495703274,-1.9799999999999998,675.8157080696649,9.110744101633394,3.176550566473556,1.7815394056397549,73.10229667889317,0.0,0.0,0.0,0.0,11.374772549367124,0.0,20.228636537531145,0.0,0.0,0.0,0.0,12.990104268152233,11.629818560158606,15.912989166096953,9.846622097635342,11.374772549367124,0.0,0.0,0.0,6.923737199690624,0.0,43.99118923461297,0.0,0.0,0.0,11.374772549367124,0.0,0.0,9.846622097635342,0.0,27.15237373722177,5.563451491696996,18.19910120538483,0.0,0.0,0.0,86.28,9.846622097635342,20.228636537531145,0.0,11.374772549367124,5.563451491696996,6.06636706846161,19.056471336613843,0.0,0.0,0.0,0.0,0.0,0.0,19.352688964474677,20.649540816326528,-0.08138888888888829,0.0,3.5495370370370374,0.0,1.5296220710506425,0.0,0.14285714285714285,13,0,6,0,0,0,1,0,1,4,0,6,2,0,0,0,1,1.8114200000000005,44.487800000000014
CSSC,2.060185185185185,1.7731481481481481,2.060185185185185,1.7731481481481481,0.4528402196875038,94.20400000000001,88.156,93.991092192,26,0,-0.007925326249272396,-0.0978818338880869,0.0978818338880869,0.007925326249272396,1.0,1.25,1.25,1.9747448713915894,6.0,3.414213562373095,2.8164965809277263,4.449489742783178,1.914213562373095,0.9831632475943928,3.9494897427831774,0.3333333333333334,2.9999999999999996,0.1666666666666667,1.4999999999999998,0.0,0.0,0.7,6.854752972273345,4.7,3.7,2.700000000000001,34.7503752793063,0.0,0.0,0.0,0.0,0.0,0.0,0.0,0.0,0.0,0.0,21.587795952773448,12.511538367022808,0.0,0.0,0.0,21.587795952773448,0.0,0.0,0.0,0.0,12.511538367022808,0.0,0.0,0.0,0.0,0.0,0.0,21.587795952773448,12.511538367022808,0.0,0.0,0.0,0.0,0.0,0.0,0.0,0.0,0.0,0.0,0.0,0.0,0.0,0.0,0.0,21.587795952773448,0.0,12.511538367022808,0.0,0.0,0.0,0.0,0.0,0.0,0.0,0.0,4.12037037037037,0.0,3.5462962962962963,1.0,4,0,0,0,0,0,0,0,0,2,0,2,1,0,0,0,0,1.6274,27.029999999999994
CSSCC1=CC=CO1,5.101388888888889,0.9664351851851852,5.101388888888889,0.9664351851851852,0.6311022752789692,160.263,152.19899999999998,160.001656876,50,0,0.11400672032154474,-0.46845116398275466,0.46845116398275466,0.11400672032154474,1.6666666666666667,2.5555555555555554,3.111111111111111,2.300190124309911,148.10128653440617,6.52709773749546,5.163902460147015,6.7968956220024666,4.431851652578137,2.6123116892075435,5.339491872658227,1.5082188569711814,4.07303636648139,0.8991366674886486,2.597868026726168,0.5117081849976022,1.6119947491033324,-0.020000000000000073,187.47026788919595,7.091358574610246,3.9034862510592334,2.367012650920203,62.601798749447156,4.417150937053347,5.760247418874442,0.0,0.0,0.0,0.0,0.0,0.0,0.0,0.0,21.587795952773448,18.388503320434623,0.0,12.016016602385847,4.417150937053347,21.587795952773448,0.0,0.0,0.0,5.752853606746789,6.255769183511404,24.156144551436718,0.0,0.0,0.0,0.0,0.0,21.587795952773448,6.255769183511404,5.752853606746789,0.0,5.760247418874442,22.813048069615622,0.0,0.0,0.0,13.14,0.0,0.0,0.0,0.0,0.0,11.513101025621232,0.0,27.850958948412504,12.13273413692322,6.255769183511404,4.417150937053347,5.101388888888889,0.0,0.0,0.0,0.0,2.0167592592592594,3.902222222222222,3.767685185185185,0.0,3.5452777777777778,0.3333333333333333,9,0,1,0,0,0,0,1,1,3,0,3,3,0,0,0,1,2.790800000000001,43.51800000000002
CCCCCO,8.19736111111111,0.355,8.19736111111111,0.355,0.513281356352027,88.14999999999999,76.05399999999999,88.088815004,38,0,0.04305223345357219,-0.3963765707960063,0.3963765707960063,0.04305223345357219,1.3333333333333333,2.0,2.1666666666666665,2.3390923149762908,15.900134529890124,4.82842712474619,4.275640720246148,4.275640720246148,2.914213562373095,2.5233345472033855,2.5233345472033855,1.4307135789365262,1.4307135789365262,0.7616672736016925,0.7616672736016925,0.36180339887498936,0.36180339887498936,-0.04,20.986300857070454,5.959999999999999,4.960000000000001,3.9600000000000004,38.99325323761199,5.106527394840706,0.0,0.0,0.0,0.0,0.0,0.0,0.0,0.0,0.0,19.765380445542643,6.4208216229260096,6.606881964512918,0.0,5.106527394840706,0.0,0.0,0.0,0.0,26.186202068468653,6.606881964512918,0.0,0.0,0.0,0.0,0.0,0.0,0.0,11.713409359353623,0.0,0.0,26.186202068468653,0.0,0.0,0.0,0.0,20.23,0.0,0.0,0.0,0.0,6.606881964512918,12.841643245852019,6.4208216229260096,0.0,0.0,6.923737199690624,5.106527394840706,0.0,0.0,0.0,8.19736111111111,0.0,0.0,0.0,3.3269444444444445,2.475694444444444,0.0,1.0,6,1,1,0,0,0,0,0,0,1,1,1,3,0,0,0,0,1.1689,26.61079999999999
CCC=O,9.17361111111111,0.6388888888888888,9.17361111111111,0.6388888888888888,0.40325990291792796,58.08,52.032000000000004,58.041864812,24,0,0.11921494428801727,-0.30341423261619294,0.30341423261619294,0.11921494428801727,2.0,2.25,2.25,2.2968352619191386,17.24511249783653,3.414213562373095,2.6927053408400363,2.6927053408400363,1.914213562373095,1.3510573320459265,1.3510573320459265,0.5749149571305296,0.5749149571305296,0.16666666666666669,0.16666666666666669,0.0,0.0,-0.33,6.854752972273345,3.67,2.67,1.6699999999999997,25.630657356666532,4.794537184071822,6.286160523129555,0.0,0.0,0.0,0.0,0.0,0.0,0.0,0.0,6.923737199690624,0.0,6.4208216229260096,0.0,4.794537184071822,6.286160523129555,0.0,0.0,0.0,13.344558822616634,0.0,0.0,0.0,0.0,0.0,0.0,0.0,0.0,6.286160523129555,4.794537184071822,0.0,13.344558822616634,0.0,0.0,0.0,0.0,17.07,0.0,4.794537184071822,0.0,0.0,6.4208216229260096,6.286160523129555,0.0,0.0,6.923737199690624,0.0,0.0,0.0,0.0,9.17361111111111,0.0,0.0,0.0,0.0,1.5138888888888888,1.8125,0.0,0.6666666666666666,4,0,1,0,0,0,0,0,0,1,0,1,1,0,0,0,0,0.5952999999999999,16.355
C1=CN=CC=N1,3.7222222222222223,1.6388888888888888,3.7222222222222223,1.6388888888888888,0.4525571430979931,80.09,76.05799999999999,80.037448128,30,0,0.04510753126065995,-0.2615195591346822,0.2615195591346822,0.04510753126065995,0.6666666666666666,1.0,1.1666666666666667,3.000000000000001,77.47078006212229,4.242640687119286,3.203828267758419,3.203828267758419,3.0,1.6994622256553116,1.6994622256553116,0.894427190999916,0.894427190999916,0.4775985196628816,0.4775985196628816,0.25334087078389095,0.25334087078389095,-0.9200000000000002,34.3994618804395,3.2768503937007876,1.4998028396056793,0.5163568727137455,35.870699081389986,0.0,0.0,0.0,0.0,0.0,0.0,9.967957041894417,0.0,0.0,0.0,0.0,0.0,24.787374286452305,0.0,0.0,0.0,0.0,9.967957041894417,0.0,0.0,0.0,24.787374286452305,0.0,0.0,0.0,0.0,0.0,0.0,9.967957041894417,0.0,0.0,0.0,24.787374286452305,0.0,0.0,0.0,25.78,0.0,0.0,0.0,0.0,0.0,0.0,0.0,24.787374286452305,0.0,9.967957041894417,0.0,0.0,0.0,7.444444444444445,0.0,0.0,0.0,0.0,6.555555555555555,0.0,0.0,0.0,6,0,2,0,0,0,0,1,1,2,0,2,0,0,0,0,1,0.4765999999999999,22.031999999999996
CC(C)CCOC(=O)C,10.203016817838247,-0.1845833333333331,10.203016817838247,0.1845833333333331,0.5422095914375367,130.18699999999998,116.07499999999997,130.099379688,54,0,0.302123037200498,-0.46586693130001083,0.46586693130001083,0.302123037200498,1.5555555555555556,2.111111111111111,2.4444444444444446,3.006105030052141,86.91694057588533,7.276020881938894,6.3080604124904465,6.3080604124904465,4.125897657686229,3.259872253901791,3.259872253901791,2.5225653210386993,2.5225653210386993,1.000526604399635,1.000526604399635,0.4383565647770272,0.4383565647770272,-0.53,65.1469510314125,8.470000000000002,4.3587538349811625,7.470000000000003,56.20397104375984,4.736862953800049,0.0,0.0,0.0,0.0,5.969305287951849,4.794537184071822,0.0,0.0,0.0,13.847474399381248,12.338727669087403,6.923737199690624,6.606881964512918,9.53140013787187,5.969305287951849,0.0,0.0,5.917906046161393,27.19203322199788,6.606881964512918,0.0,0.0,0.0,0.0,0.0,0.0,0.0,12.576187252464766,9.53140013787187,5.917906046161393,27.19203322199788,0.0,0.0,0.0,0.0,26.3,0.0,4.794537184071822,0.0,5.969305287951849,12.52478801067431,6.4208216229260096,6.923737199690624,0.0,0.0,13.847474399381248,4.736862953800049,4.71375,0.0,10.203016817838247,0.0,0.0,0.4305555555555556,0.0,0.9579166666666666,6.194760959939531,0.0,0.8571428571428571,9,0,2,0,0,0,0,0,0,2,0,2,3,0,0,0,0,1.5956000000000001,36.087999999999994
CCC(=O)O,9.368055555555555,-0.74537037037037,9.368055555555555,0.2222222222222221,0.4908446664452931,74.079,68.031,74.036779432,30,0,0.30255843749205596,-0.4812379170193394,0.4812379170193394,0.30255843749205596,2.0,2.2,2.2,2.847378923087672,40.1577218810798,4.284457050376173,3.0625686671503685,3.0625686671503685,2.270055610029662,1.4883911147617317,1.4883911147617317,0.7472919338166267,0.7472919338166267,0.30245145030582543,0.30245145030582543,0.0,0.0,-0.53,9.65148445440323,4.469999999999999,1.7581844380403455,3.469999999999999,30.42489110886254,5.106527394840706,0.0,0.0,0.0,0.0,5.969305287951849,4.794537184071822,0.0,0.0,0.0,6.923737199690624,0.0,6.4208216229260096,0.0,9.901064578912528,5.969305287951849,0.0,0.0,0.0,13.344558822616634,0.0,0.0,0.0,0.0,0.0,0.0,0.0,0.0,11.075832682792555,4.794537184071822,0.0,13.344558822616634,0.0,0.0,0.0,0.0,37.3,5.969305287951849,4.794537184071822,0.0,6.4208216229260096,0.0,0.0,0.0,6.923737199690624,0.0,0.0,5.106527394840706,0.0,0.0,9.368055555555555,7.722222222222222,0.0,-0.74537037037037,0.0,0.2222222222222221,1.599537037037037,0.0,0.6666666666666666,5,1,2,0,0,0,0,0,0,1,1,2,1,0,0,0,0,0.481,17.9268
C[C@]12CC[C@H]3[C@H]([C@@H]1CCC2=O)CCC4=CC(=O)CC[C@]34CO,12.374460663895189,-0.16290249433106574,12.374460663895189,0.10762278754094257,0.8096758652820699,302.41400000000004,276.20599999999996,302.18819469199997,120,0,0.15520066254057166,-0.3954501012511479,0.3954501012511479,0.15520066254057166,1.0909090909090908,1.9090909090909092,2.6818181818181817,1.72687718059961,563.0276043299012,15.535169427003234,13.437072283865119,13.437072283865119,10.509821020102443,8.891908476477852,8.891908476477852,8.283651376331084,8.283651376331084,7.677285207322839,7.677285207322839,6.428879650885484,6.428879650885484,-0.9600000000000002,152478.6714747449,14.620837262355307,4.766635984950281,1.7189317892002711,131.71255939295088,5.106527394840706,5.783244946364939,5.783244946364939,0.0,0.0,0.0,9.589074368143644,0.0,0.0,0.0,12.496841729759891,62.35466798287412,23.67162418464558,6.606881964512918,14.69560176298435,11.566489892729878,0.0,0.0,28.58369907727774,58.29031018309871,6.606881964512918,11.64912463690315,0.0,0.0,0.0,0.0,0.0,0.0,23.279899252083503,9.589074368143644,28.58369907727774,58.29031018309871,11.64912463690315,0.0,0.0,0.0,54.370000000000005,0.0,14.69560176298435,0.0,23.220107849671418,29.95778470777513,44.94575136048208,5.573104530069267,0.0,6.076020106833881,6.923737199690624,0.0,0.0,0.0,24.184507668808266,10.239736945704207,0.9382029872134039,2.224080071071639,0.0,9.05707110313261,2.356401224069875,0.0,0.7894736842105263,22,1,3,4,0,4,0,0,0,3,1,3,1,3,0,3,4,3.0598000000000023,83.12880000000004
CC1=C(C(CCC1)(C)C)/C=C/C(=O)C,10.894697893046107,0.1311791383219958,10.894697893046107,0.1311791383219958,0.6101503454772369,192.302,172.14199999999997,192.15141526,78,0,0.15212328706486747,-0.2951807665268281,0.2951807665268281,0.15212328706486747,1.4285714285714286,2.0714285714285716,2.5714285714285716,2.96127747123545,292.35742381695854,10.767584713501616,9.684269172402757,9.684269172402757,6.432357537481886,5.321914528941439,5.321914528941439,4.875425830919018,4.875425830919018,3.027174981424705,3.027174981424705,2.2110362268136408,2.2110362268136408,-0.8500000000000001,935.9025551644245,11.226045627376426,4.118968361635843,2.5679479011227926,86.89504128273488,0.0,0.0,5.783244946364939,0.0,0.0,0.0,4.794537184071822,0.0,0.0,0.0,25.496599036284394,50.1740543744592,0.0,0.0,4.794537184071822,5.783244946364939,0.0,0.0,5.41499046939678,46.95741366754052,0.0,23.298249273806295,0.0,0.0,0.0,0.0,0.0,0.0,5.783244946364939,4.794537184071822,5.41499046939678,46.95741366754052,23.298249273806295,0.0,0.0,0.0,17.07,0.0,4.794537184071822,0.0,11.198235415761719,0.0,0.0,30.408673928916564,12.999757306524504,6.076020106833881,20.771211599071872,0.0,0.0,0.0,10.894697893046107,0.0,3.04775462962963,0.1311791383219958,0.0,7.376885865457294,8.299482473544973,0.0,0.6153846153846154,14,0,1,1,0,1,0,0,0,1,0,1,2,0,0,0,1,3.6582000000000026,60.15300000000004
CC1=CCCC(C1/C=C/C(=O)C)(C)C,10.897827144746788,0.1381235827664402,10.897827144746788,0.1381235827664402,0.4830684055274862,192.30199999999996,172.14199999999997,192.15141526,78,0,0.15181791059666552,-0.2951928617942672,0.2951928617942672,0.15181791059666552,1.5714285714285714,2.2142857142857144,2.7142857142857144,2.862289603243217,281.6106883094834,10.767584713501616,9.631862929595462,9.631862929595462,6.432357537481887,5.287293031334987,5.287293031334987,4.922835478342926,4.922835478342926,3.1108554432315794,3.1108554432315794,2.2146525266989463,2.2146525266989463,-0.8500000000000001,935.9025551644245,11.226045627376426,4.118968361635843,2.5679479011227926,86.89504128273485,0.0,0.0,5.783244946364939,0.0,0.0,0.0,4.794537184071822,0.0,0.0,0.0,31.572619143118278,38.18012822146393,5.917906046161393,0.0,4.794537184071822,5.783244946364939,0.0,0.0,11.332896515558172,40.53659204461451,0.0,23.80116485057091,0.0,0.0,0.0,0.0,0.0,0.0,5.783244946364939,4.794537184071822,11.332896515558172,40.53659204461451,23.80116485057091,0.0,0.0,0.0,17.07,0.0,4.794537184071822,0.0,5.783244946364939,11.332896515558172,0.0,18.414747775921285,12.999757306524504,0.0,32.923251812739636,0.0,0.0,0.0,10.897827144746788,0.0,1.6980324074074078,0.5688180272108845,0.0,8.433821806500378,8.318167280801209,0.0,0.6153846153846154,14,0,1,1,0,1,0,0,0,1,0,1,2,0,0,0,1,3.5141000000000027,60.08300000000004
CC(=O)[O-],8.88888888888889,-1.0833333333333333,8.88888888888889,0.9722222222222221,0.3497740223042638,59.044000000000004,56.02,59.01385291591001,24,0,0.03827859892113979,-0.5504770280073037,0.5504770280073037,0.03827859892113979,2.0,2.0,2.0,2.8030394876740514,27.019550008653873,3.5773502691896257,2.3164965809277263,2.3164965809277263,1.7320508075688772,0.9082482904638631,0.9082482904638631,0.49158162379719644,0.49158162379719644,0.0,0.0,0.0,0.0,-0.53,3.2451124978365313,3.4699999999999998,0.8748582995951415,1.1560092559629747,24.059948994465934,9.901064578912528,0.0,0.0,0.0,0.0,0.0,0.0,0.0,0.0,0.0,0.0,6.923737199690624,5.969305287951849,0.0,9.901064578912528,5.969305287951849,0.0,0.0,0.0,6.923737199690624,0.0,0.0,0.0,0.0,5.106527394840706,0.0,0.0,0.0,5.969305287951849,4.794537184071822,0.0,6.923737199690624,0.0,0.0,0.0,0.0,40.129999999999995,5.969305287951849,0.0,0.0,0.0,0.0,6.923737199690624,0.0,0.0,0.0,0.0,9.901064578912528,0.0,0.0,8.88888888888889,8.88888888888889,0.0,-1.0833333333333333,0.0,0.0,0.9722222222222221,0.0,0.5,4,0,2,0,0,0,0,0,0,2,0,2,0,0,0,0,0,-1.2438,10.681000000000001
CC(=O)C(C)=O,9.793981481481481,-0.3796296296296291,9.793981481481481,0.3796296296296291,0.42594168943823185,86.08999999999999,80.04199999999999,86.036779432,34,0,0.19451404848392276,-0.2912343143503756,0.2912343143503756,0.19451404848392276,1.0,1.1666666666666667,1.1666666666666667,3.5677034550432034,71.5488750216347,5.1547005383792515,3.8164965809277263,3.8164965809277263,2.6427344100918364,1.6582482904638631,1.6582482904638631,1.1123724356957947,1.1123724356957947,0.49579081189859825,0.49579081189859825,0.0,0.0,-0.66,13.609640474436812,5.34,1.6978532452412014,1.6394011976047902,36.1571215711069,0.0,0.0,11.566489892729878,0.0,0.0,0.0,9.589074368143644,0.0,0.0,0.0,0.0,0.0,13.847474399381248,0.0,9.589074368143644,11.566489892729878,0.0,0.0,0.0,13.847474399381248,0.0,0.0,0.0,0.0,0.0,0.0,0.0,0.0,11.566489892729878,9.589074368143644,0.0,13.847474399381248,0.0,0.0,0.0,0.0,34.14,0.0,9.589074368143644,0.0,11.566489892729878,0.0,0.0,13.847474399381248,0.0,0.0,0.0,0.0,0.0,0.0,19.587962962962962,0.0,0.0,-0.7592592592592582,0.0,0.0,2.5046296296296298,0.0,0.5,6,0,2,0,0,0,0,0,0,2,0,2,1,0,0,0,0,0.1644000000000001,21.36199999999999
CCCCCC=O,9.67967970521542,0.7438888888888888,9.67967970521542,0.7438888888888888,0.3883941773179649,100.16099999999999,88.06499999999998,100.088815004,42,0,0.11949019725434507,-0.303402908155129,0.303402908155129,0.11949019725434507,1.4285714285714286,2.142857142857143,2.5714285714285716,2.558780869327957,41.444678358882754,5.535533905932738,4.814025684399679,4.814025684399679,3.414213562373095,2.8510573320459267,2.8510573320459267,1.6624485824480268,1.6624485824480268,0.925528666022963,0.925528666022963,0.47767090063073964,0.47767090063073964,-0.33,35.509609925153406,6.670000000000001,5.670000000000001,5.669999999999999,44.72548369985635,4.794537184071822,6.286160523129555,0.0,0.0,0.0,0.0,0.0,0.0,0.0,0.0,19.765380445542643,6.4208216229260096,6.4208216229260096,0.0,4.794537184071822,6.286160523129555,0.0,0.0,0.0,32.60702369139466,0.0,0.0,0.0,0.0,0.0,0.0,0.0,0.0,6.286160523129555,4.794537184071822,0.0,32.60702369139466,0.0,0.0,0.0,0.0,17.07,0.0,4.794537184071822,0.0,0.0,0.0,19.127803768981575,12.841643245852019,0.0,0.0,6.923737199690624,0.0,0.0,0.0,9.67967970521542,0.0,0.0,0.0,0.0,5.190555555555556,2.129764739229025,0.0,0.8333333333333334,7,0,1,0,0,0,0,0,0,1,0,1,4,0,0,0,0,1.7656,30.20599999999998
CC1OC(=O)C(=C1C)O,10.464814814814815,-0.6111111111111109,10.464814814814815,0.23379629629629606,0.4897982245908948,128.12699999999998,120.06299999999997,128.047344116,50,0,0.37355048711125177,-0.5017670507989173,0.5017670507989173,0.37355048711125177,1.6666666666666667,2.2222222222222223,2.3333333333333335,2.9203676896441446,180.74199426319834,7.016507857945051,5.341060445617311,5.341060445617311,4.125897657686229,2.733582752393797,2.733582752393797,2.079156633593308,2.079156633593308,1.4604752505108174,1.4604752505108174,0.6582818155140304,0.6582818155140304,-0.99,109.16177843814495,6.134843945068663,1.7554196163202884,0.780965925004028,52.93782849584575,9.843390348640755,6.103966387748303,0.0,5.759164871656176,0.0,5.969305287951849,0.0,4.794537184071822,0.0,0.0,0.0,13.847474399381248,5.573104530069267,0.0,14.637927532712576,5.969305287951849,0.0,0.0,0.0,19.95144078712955,0.0,11.332269401725444,0.0,0.0,0.0,0.0,0.0,0.0,17.17979907054086,9.53140013787187,0.0,13.847474399381248,11.332269401725444,0.0,0.0,0.0,46.53,5.969305287951849,4.794537184071822,0.0,11.86313125940448,5.573104530069267,0.0,0.0,13.847474399381248,0.0,4.736862953800049,5.106527394840706,4.622685185185185,0.0,10.464814814814815,8.841712962962962,0.6111111111111114,-0.844907407407407,0.0,-0.2523148148148151,3.3902314814814813,0.0,0.5,9,1,3,0,1,1,0,0,0,3,1,3,0,0,0,0,1,0.7637,30.88279999999999
COC1=C(C=CC(=C1)C=O)O,10.248745275888133,0.0399074074074075,10.248745275888133,0.0399074074074075,0.6477438574453785,152.14899999999997,144.08499999999998,152.047344116,58,0,0.1606893236526212,-0.5042543227773111,0.5042543227773111,0.1606893236526212,1.5454545454545454,2.272727272727273,2.8181818181818183,3.1161641338580512,268.03972257956417,8.267584713501616,6.073111253186188,6.073111253186188,5.274386907679233,3.098390500148688,3.098390500148688,2.049137357217536,2.049137357217536,1.3398615046902285,1.3398615046902285,0.7675205674503294,0.7675205674503294,-1.51,343.17627964649273,7.595374077976819,3.0531381005525,1.490370509139573,64.23058843003683,9.843390348640755,6.286160523129555,11.49902366656781,0.0,0.0,0.0,4.794537184071822,0.0,0.0,0.0,0.0,18.19910120538483,5.563451491696996,7.109797541277533,14.637927532712576,6.286160523129555,0.0,0.0,0.0,0.0,7.109797541277533,23.762552697081826,0.0,11.49902366656781,4.736862953800049,0.0,11.49902366656781,0.0,18.502485459247794,0.0,0.0,10.357988675768818,18.19910120538483,0.0,0.0,0.0,46.53,0.0,4.794537184071822,0.0,5.749511833283905,17.599123848110455,0.0,25.30889874666236,0.0,0.0,0.0,9.843390348640755,4.778564814814815,0.0,10.248745275888133,9.089545540438397,0.4857870370370372,0.35435185185185225,4.4124537037037035,0.6963888888888887,0.0,1.434162887377173,0.125,11,1,3,0,0,0,1,0,1,3,1,3,2,0,0,0,1,1.2133,40.046300000000016
CC(=O)C1=NCCC1,10.515231481481482,0.14120370370370416,10.515231481481482,0.14120370370370416,0.4920180581220516,111.144,102.07199999999999,111.068413908,44,0,0.1729978543905358,-0.2931655701129652,0.2931655701129652,0.1729978543905358,1.75,2.5,2.75,2.574087696680908,137.4639615981846,5.983127663125442,4.976782229523463,4.976782229523463,3.8045304526403108,2.847512099592022,2.847512099592022,1.9881542663796143,1.9881542663796143,1.280750140713327,1.280750140713327,0.8269375936374481,0.8269375936374481,-0.66,93.1025933890692,5.476239782016348,2.0724211675050093,0.940761722330511,48.61497503218725,0.0,0.0,5.783244946364939,0.0,0.0,0.0,9.786941916707491,0.0,0.0,0.0,0.0,12.841643245852019,13.4684936056032,5.711685002770702,4.794537184071822,11.494929949135642,0.0,0.0,4.992404732635669,19.765380445542643,6.544756405912575,0.0,0.0,0.0,0.0,0.0,0.0,0.0,18.039686355048218,4.794537184071822,0.0,19.765380445542643,4.992404732635669,0.0,0.0,0.0,29.43,0.0,4.794537184071822,0.0,5.783244946364939,0.0,25.098084654535295,0.0,6.923737199690624,0.0,4.992404732635669,0.0,0.0,0.0,14.517546296296297,0.0,0.7824074074074077,0.14120370370370416,0.0,1.9625462962962963,2.4296296296296296,0.0,0.6666666666666666,8,0,2,0,1,1,0,0,0,2,0,2,1,0,0,0,1,0.8102,32.21699999999999
CC(C)C=O,9.50462962962963,0.2037037037037035,9.50462962962963,0.2037037037037035,0.41938247962025627,72.107,64.04299999999999,72.057514876,30,0,0.12201601225317348,-0.30311196413781816,0.30311196413781816,0.12201601225317348,1.6,1.8,1.8,2.825749368745867,30.62919048309069,4.284457050376173,3.5629488288431146,3.5629488288431146,2.270055610029662,1.723736132108101,1.723736132108101,1.3800996993442471,1.3800996993442471,0.2721655269759088,0.2721655269759088,0.0,0.0,-0.33,9.65148445440323,4.67,1.9424795640326975,3.67,31.995599471063137,4.794537184071822,6.286160523129555,0.0,0.0,0.0,0.0,0.0,0.0,0.0,0.0,13.847474399381248,0.0,5.917906046161393,0.0,4.794537184071822,6.286160523129555,0.0,0.0,5.917906046161393,13.847474399381248,0.0,0.0,0.0,0.0,0.0,0.0,0.0,0.0,6.286160523129555,4.794537184071822,5.917906046161393,13.847474399381248,0.0,0.0,0.0,0.0,17.07,0.0,4.794537184071822,0.0,5.917906046161393,0.0,6.286160523129555,0.0,0.0,13.847474399381248,0.0,0.0,0.0,0.0,9.50462962962963,0.0,0.0,0.2037037037037035,0.0,0.9166666666666667,3.7083333333333335,0.0,0.75,5,0,1,0,0,0,0,0,0,1,0,1,1,0,0,0,0,0.8412999999999999,20.901999999999994
CCCC(=O)OCC,10.420833333333334,-0.08796296296296258,10.420833333333334,0.08796296296296258,0.5200986676423002,116.15999999999998,104.06399999999998,116.083729624,48,0,0.30525680561770935,-0.46596933451826794,0.46596933451826794,0.30525680561770935,1.5,2.125,2.5,3.0551722039096187,60.92878689342031,6.405777393935816,5.437816924487368,5.437816924487368,3.808060412490447,2.9646903780250446,2.9646903780250446,1.5550211698203653,1.5550211698203653,0.7594493502441826,0.7594493502441826,0.43728056659547937,0.43728056659547937,-0.53,50.25226450504587,7.470000000000001,4.624559505409582,3.6528153564899446,49.83902892936323,4.736862953800049,0.0,0.0,0.0,0.0,5.969305287951849,4.794537184071822,0.0,0.0,0.0,6.923737199690624,13.344558822616634,6.4208216229260096,6.606881964512918,9.53140013787187,5.969305287951849,0.0,0.0,0.0,26.689117645233267,6.606881964512918,0.0,0.0,0.0,0.0,0.0,0.0,0.0,12.576187252464766,9.53140013787187,0.0,26.689117645233267,0.0,0.0,0.0,0.0,26.3,0.0,4.794537184071822,0.0,5.969305287951849,13.027703587438928,6.4208216229260096,0.0,0.0,13.847474399381248,4.736862953800049,0.0,4.6433333333333335,0.0,10.420833333333334,0.0,0.0,-0.08796296296296258,0.0,1.4232870370370372,4.267175925925926,0.0,0.8333333333333334,8,0,2,0,0,0,0,0,0,2,0,2,3,0,0,0,0,1.3496000000000001,31.540999999999983
C/C=C/C(=O)C1=C(C)C=CCC1(C)C,11.845578703703705,-0.018425925925925846,11.845578703703705,0.018425925925925846,0.6095502174717989,190.28599999999997,172.14199999999997,190.135765196,76,0,0.1818048827427589,-0.2896336359755055,0.2896336359755055,0.1818048827427589,1.5,2.142857142857143,2.642857142857143,3.137247677628073,327.1447257779954,10.767584713501616,9.424756148408914,9.424756148408914,6.48719909234828,5.037293031334987,5.037293031334987,4.412640020780649,4.412640020780649,2.6315679077267373,2.6315679077267373,2.01203482872206,2.01203482872206,-1.11,982.4828787274857,10.967579519006982,3.9516065651044285,2.032960205713462,86.20543825055061,0.0,0.0,5.783244946364939,0.0,0.0,0.0,4.794537184071822,0.0,0.0,0.0,32.075534719882896,37.332411128607184,5.573104530069267,0.0,4.794537184071822,5.783244946364939,0.0,0.0,5.41499046939678,34.11577042168851,0.0,35.45028948747406,0.0,0.0,0.0,0.0,0.0,0.0,5.783244946364939,4.794537184071822,5.41499046939678,34.11577042168851,35.45028948747406,0.0,0.0,0.0,17.07,0.0,4.794537184071822,0.0,11.198235415761719,0.0,17.567030683064544,0.0,12.152040213667762,19.92349450621513,19.92349450621513,0.0,0.0,0.0,11.845578703703705,0.0,2.0393981481481487,0.15217592592592633,0.0,8.586786659108087,8.126060563114134,0.0,0.46153846153846156,14,0,1,1,0,1,0,0,0,1,0,1,2,0,0,0,1,3.4342000000000024,60.05900000000003
CCC1=NC=C(N=C1C)C,4.281898148148148,0.9713425925925926,4.281898148148148,0.9713425925925926,0.5863712857470414,136.19799999999998,124.10199999999999,136.100048384,54,0,0.0612855134531493,-0.25753598040378367,0.25753598040378367,0.0612855134531493,1.4,2.1,2.6,3.0699827149988397,230.69924244622516,7.560477932315068,6.678884241376089,6.678884241376089,4.736382105218447,3.5283545893717325,3.5283545893717325,2.397041230238811,2.397041230238811,1.5038068431888072,1.5038068431888072,0.9697992753673318,0.9697992753673318,-0.92,182.2382192735223,7.190132158590309,2.7755177404499802,1.3201859504132232,61.33046753897641,0.0,0.0,0.0,0.0,0.0,0.0,9.967957041894417,0.0,0.0,0.0,6.923737199690624,20.268296022307258,6.196843571613076,17.081783984545382,0.0,0.0,0.0,9.967957041894417,0.0,27.19203322199788,0.0,23.27862755615846,0.0,0.0,0.0,0.0,0.0,0.0,9.967957041894417,6.4208216229260096,13.847474399381248,24.00552118423601,6.196843571613076,0.0,0.0,0.0,25.78,0.0,0.0,0.0,0.0,0.0,23.502605607471395,0.0,0.0,20.044317970994324,16.89169424158504,0.0,0.0,0.0,8.515694444444444,0.0,3.155370370370371,0.0,0.0,2.7826851851851853,6.046250000000001,0.0,0.5,10,0,2,0,0,0,0,1,1,2,0,2,1,0,0,0,1,1.65584,40.88400000000001
CC/C=C/CC\C=C\C=O,9.788900384227766,0.8090625,9.788900384227766,0.8090625,0.24672536421663127,138.20999999999998,124.09799999999997,138.104465068,56,0,0.14201822514727783,-0.2985763092607593,0.2985763092607593,0.14201822514727783,1.1,1.8,2.4,3.11409266486537,122.68995593589281,7.6568542494923815,6.416319979971636,6.416319979971636,4.914213562373096,3.667553912973653,3.667553912973653,2.021238194057866,2.021238194057866,1.1170191106819758,1.1170191106819758,0.6287484870147931,0.6287484870147931,-0.8500000000000001,175.07674799821407,9.15,8.150000000000002,7.1499999999999995,62.44110397867766,0.0,6.286160523129555,0.0,0.0,0.0,0.0,4.794537184071822,0.0,0.0,0.0,25.151797520192265,25.33848497561191,0.0,0.0,4.794537184071822,6.286160523129555,0.0,0.0,0.0,26.186202068468653,0.0,24.304080427335524,0.0,0.0,0.0,0.0,0.0,0.0,6.286160523129555,4.794537184071822,0.0,26.186202068468653,24.304080427335524,0.0,0.0,0.0,17.07,0.0,4.794537184071822,0.0,0.0,0.0,25.548625391907585,0.0,6.076020106833881,6.076020106833881,19.075777413358384,0.0,0.0,0.0,9.788900384227766,0.0,0.0,0.0,0.0,11.602210726883344,2.108888888888889,0.0,0.4444444444444444,10,0,1,0,0,0,0,0,0,1,0,1,5,0,0,0,0,2.4879000000000007,43.86900000000002
